,slide_name,Fibrosis Percentage,scar,group,study,expanded_analysis,total_nuclei,total_connexins,total_connexin_area,total_mean_plaque_size,total_connexin_count_per_cell,annotation_area,total_connexin_area_per_cell,total_connexins_per_annotation_area,total_nuclei_count_per_annotation_area,total_nuclei_area_per_annotation_area,subject,sample,section,location,spacing
0,03-01,52.35,center,radiation,sbrt,,,,,,,,,,,,3,01,1,apex,3.0
1,03-10A,46.88,center,radiation,sbrt,,,,,,,,,,,,3,10A,10,base,3.0
2,03-10B,14.51,border,radiation,sbrt,,,,,,,,,,,,3,10B,10,base,3.0
3,03-10C,0.76,healthy,radiation,sbrt,,,,,,,,,,,,3,10C,10,base,3.0
4,03-11B,7.96,border,radiation,sbrt,,,,,,,,,,,,3,11B,11,base,3.0
5,03-11C,2.24,healthy,radiation,sbrt,,,,,,,,,,,,3,11C,11,base,3.0
6,03-12A,7.61,border,radiation,sbrt,,,,,,,,,,,,3,12A,12,base,3.0
7,03-12B,1.47,healthy,radiation,sbrt,,,,,,,,,,,,3,12B,12,base,3.0
8,03-13B,1.4,healthy,radiation,sbrt,,,,,,,,,,,,3,13B,13,base,3.0
9,03-15A,2.96,healthy,radiation,sbrt,,,,,,,,,,,,3,15A,15,base,3.0
10,03-15B,0.68,healthy,radiation,sbrt,,,,,,,,,,,,3,15B,15,base,3.0
11,03-17A,1.46,healthy,radiation,sbrt,,,,,,,,,,,,3,17A,17,base,3.0
12,03-17B,4.21,healthy,radiation,sbrt,,,,,,,,,,,,3,17B,17,base,3.0
13,03-2A,61.09,center,radiation,sbrt,,,,,,,,,,,,3,2A,2,apex,3.0
14,03-3A,42.52,center,radiation,sbrt,,,,,,,,,,,,3,3A,3,apex,3.0
15,03-3B,53.11,center,radiation,sbrt,,,,,,,,,,,,3,3B,3,apex,3.0
16,03-3C,13.29,healthy,radiation,sbrt,,,,,,,,,,,,3,3C,3,apex,3.0
17,03-4A,49.54,center,radiation,sbrt,,,,,,,,,,,,3,4A,4,apex,3.0
18,03-4B,54.03,center,radiation,sbrt,,,,,,,,,,,,3,4B,4,apex,3.0
19,03-4C,15.35,healthy,radiation,sbrt,,,,,,,,,,,,3,4C,4,apex,3.0
20,03-5A,50.14,center,radiation,sbrt,,,,,,,,,,,,3,5A,5,mid,3.0
21,03-5B,70.87,center,radiation,sbrt,,,,,,,,,,,,3,5B,5,mid,3.0
22,03-5C,3.29,healthy,radiation,sbrt,,,,,,,,,,,,3,5C,5,mid,3.0
23,03-6A,42.14,center,radiation,sbrt,,,,,,,,,,,,3,6A,6,mid,3.0
24,03-6B,89.04,center,radiation,sbrt,,,,,,,,,,,,3,6B,6,mid,3.0
25,03-6C,37.97,center,radiation,sbrt,,,,,,,,,,,,3,6C,6,mid,3.0
26,03-6D,4.65,healthy,radiation,sbrt,,,,,,,,,,,,3,6D,6,mid,3.0
27,03-7A,38.79,center,radiation,sbrt,,,,,,,,,,,,3,7A,7,mid,3.0
28,03-7B,68.88,center,radiation,sbrt,,,,,,,,,,,,3,7B,7,mid,3.0
29,03-7C,86.29,center,radiation,sbrt,,,,,,,,,,,,3,7C,7,mid,3.0
30,03-7D,0.51,healthy,radiation,sbrt,,,,,,,,,,,,3,7D,7,mid,3.0
31,03-8B,53.59,center,radiation,sbrt,,,,,,,,,,,,3,8B,8,mid,3.0
32,03-8C,29.11,border,radiation,sbrt,,,,,,,,,,,,3,8C,8,mid,3.0
33,03-8D,0.66,healthy,radiation,sbrt,,,,,,,,,,,,3,8D,8,mid,3.0
34,03-9A,39.16,center,radiation,sbrt,,,,,,,,,,,,3,9A,9,mid,3.0
35,03-9B,49.09,center,radiation,sbrt,,,,,,,,,,,,3,9B,9,mid,3.0
36,03-9C,1.01,healthy,radiation,sbrt,,,,,,,,,,,,3,9C,9,mid,3.0
37,04-01,80.83,,infarct,sbrt,,,,,,,,,,,,4,01,1,apex,3.0
38,04-10A,31.31,border,infarct,sbrt,False,509122.0,696709.0,9201353.0,13.206881208653828,1.3684519623980107,1205831,18.07298250713974,7.6307152494835515,0.42221671196046545,8.263113777967227,4,10A,10,base,3.0
39,04-10B,4.43,healthy,infarct,sbrt,False,529882.0,815204.0,11081212.0,13.593176677248884,1.5384632805039613,1345086,20.912603183350257,8.238292570140496,0.39393912359507127,7.597035245330038,4,10B,10,base,3.0
40,04-10C,35.56,border,infarct,sbrt,False,145519.0,95901.0,1225547.25,12.779295836331217,0.6590273435084079,241420,8.421905386925419,5.076411440642863,0.6027628199817745,7.832276737635656,4,10C,10,base,3.0
41,04-11A,41.9,center,infarct,sbrt,,,,,,,,,,,,4,11A,11,base,3.0
42,04-11B,1.78,healthy,infarct,sbrt,,,,,,,,,,,,4,11B,11,base,3.0
43,04-11C,35.79,border,infarct,sbrt,,,,,,,,,,,,4,11C,11,base,3.0
44,04-12B,,,,,False,117004.0,264948.0,3537016.5,13.349851669006748,2.264435403917815,381952,30.22987675635021,9.260369103971179,0.30633168565683644,4.12781056258378,4,12B,12,,
45,04-14A,0.29,healthy,infarct,sbrt,,,,,,,,,,,,4,14A,14,base,3.0
46,04-14B,1.29,healthy,infarct,sbrt,,,,,,,,,,,,4,14B,14,base,3.0
47,04-14C,8.69,healthy,infarct,sbrt,,,,,,,,,,,,4,14C,14,base,3.0
48,04-15A,1.72,healthy,infarct,sbrt,,,,,,,,,,,,4,15A,15,base,3.0
49,04-15B,1.92,healthy,infarct,sbrt,,,,,,,,,,,,4,15B,15,base,3.0
50,04-15C,0.78,healthy,infarct,sbrt,,,,,,,,,,,,4,15C,15,base,3.0
51,04-20A,1.42,healthy,infarct,sbrt,,,,,,,,,,,,4,20A,20,base,3.0
52,04-20B,0.45,healthy,infarct,sbrt,,,,,,,,,,,,4,20B,20,base,3.0
53,04-20C,0.52,healthy,infarct,sbrt,,,,,,,,,,,,4,20C,20,base,3.0
54,04-2A,88.26,border,infarct,sbrt,,,,,,,,,,,,4,2A,2,apex,3.0
55,04-2B,8.79,healthy,infarct,sbrt,,,,,,,,,,,,4,2B,2,apex,3.0
56,04-3D,49.68,healthy,infarct,sbrt,,,,,,,,,,,,4,3D,3,apex,3.0
57,04-4A,78.38,center,infarct,sbrt,,,,,,,,,,,,4,4A,4,apex,3.0
58,04-4B,85.16,border,infarct,sbrt,,,,,,,,,,,,4,4B,4,apex,3.0
59,04-4C,41.33,healthy,infarct,sbrt,,,,,,,,,,,,4,4C,4,apex,3.0
60,04-4D,1.68,healthy,infarct,sbrt,,,,,,,,,,,,4,4D,4,apex,3.0
61,04-5A,83.17,center,infarct,sbrt,,,,,,,,,,,,4,5A,5,mid,3.0
62,04-5B,79.04,border,infarct,sbrt,,,,,,,,,,,,4,5B,5,mid,3.0
63,04-5C,40.02,healthy,infarct,sbrt,,,,,,,,,,,,4,5C,5,mid,3.0
64,04-5D,48.89,healthy,infarct,sbrt,,,,,,,,,,,,4,5D,5,mid,3.0
65,04-5E,76.0,border,infarct,sbrt,,,,,,,,,,,,4,5E,5,mid,3.0
66,04-6A,83.2,center,infarct,sbrt,,,,,,,,,,,,4,6A,6,mid,3.0
67,04-6B,84.28,border,infarct,sbrt,,,,,,,,,,,,4,6B,6,mid,3.0
68,04-6C,53.98,healthy,infarct,sbrt,,,,,,,,,,,,4,6C,6,mid,3.0
69,04-6D,8.49,healthy,infarct,sbrt,,,,,,,,,,,,4,6D,6,mid,3.0
70,04-6E,8.58,healthy,infarct,sbrt,,,,,,,,,,,,4,6E,6,mid,3.0
71,04-7A,54.85,border,infarct,sbrt,,,,,,,,,,,,4,7A,7,mid,3.0
72,04-7B,5.99,healthy,infarct,sbrt,,,,,,,,,,,,4,7B,7,mid,3.0
73,04-7C,2.27,healthy,infarct,sbrt,,,,,,,,,,,,4,7C,7,mid,3.0
74,04-7D,32.2,healthy,infarct,sbrt,,,,,,,,,,,,4,7D,7,mid,3.0
75,04-7E,49.12,border,infarct,sbrt,,,,,,,,,,,,4,7E,7,mid,3.0
76,04-8A,40.95,border,infarct,sbrt,,,,,,,,,,,,4,8A,8,mid,3.0
77,04-8B,64.69,border,infarct,sbrt,,,,,,,,,,,,4,8B,8,mid,3.0
78,04-8C,1.16,healthy,infarct,sbrt,,,,,,,,,,,,4,8C,8,mid,3.0
79,04-8D,2.28,healthy,infarct,sbrt,,,,,,,,,,,,4,8D,8,mid,3.0
80,04-9A,48.31,border,infarct,sbrt,,,,,,,,,,,,4,9A,9,mid,3.0
81,04-9C,35.59,border,infarct,sbrt,,,,,,,,,,,,4,9C,9,mid,3.0
82,08-01,6.95,border,radiation,sbrt,,,,,,,,,,,,8,01,1,apex,3.0
83,08-10A,12.66,border,radiation,sbrt,,,,,,,,,,,,8,10A,10,base,3.0
84,08-10B,2.76,healthy,radiation,sbrt,,,,,,,,,,,,8,10B,10,base,3.0
85,08-11A,2.03,healthy,radiation,sbrt,,,,,,,,,,,,8,11A,11,base,3.0
86,08-11B,1.24,healthy,radiation,sbrt,,,,,,,,,,,,8,11B,11,base,3.0
87,08-13A,3.96,healthy,radiation,sbrt,,,,,,,,,,,,8,13A,13,base,3.0
88,08-13B,1.74,healthy,radiation,sbrt,,,,,,,,,,,,8,13B,13,base,3.0
89,08-14A,10.62,border,radiation,sbrt,,,,,,,,,,,,8,14A,14,base,3.0
90,08-14B,2.31,healthy,radiation,sbrt,False,583399.0,1632096.0,20515734.5,12.57017632541223,2.7975639313745826,2215495,35.165871898991945,9.260113202692851,0.26332670577004236,4.27308716562213,8,14B,14,base,3.0
91,08-15A,3.37,healthy,radiation,sbrt,,,,,,,,,,,,8,15A,15,base,3.0
92,08-15B,1.65,healthy,radiation,sbrt,,,,,,,,,,,,8,15B,15,base,3.0
93,08-2A,44.03,center,radiation,sbrt,False,378981.0,637942.0,8500067.25,13.324200711036427,1.683308661911811,1016923,22.428742469939127,8.358614418200789,0.37267423393904947,8.153575049438354,8,2A,2,apex,3.0
94,08-2B,4.16,healthy,radiation,sbrt,False,223484.0,818441.0,10811637.75,13.210039269782428,3.6621905818761076,1041925,48.37768140001074,10.376598843486816,0.2144914461213619,4.299663363485855,8,2B,2,apex,3.0
95,08-3A,32.87,border,radiation,sbrt,,,,,,,,,,,,8,3A,3,apex,3.0
96,08-3B,42.8,border,radiation,sbrt,,,,,,,,,,,,8,3B,3,apex,3.0
97,08-3C,3.36,healthy,radiation,sbrt,,,,,,,,,,,,8,3C,3,apex,3.0
98,08-4A,43.97,border,radiation,sbrt,,,,,,,,,,,,8,4A,4,apex,3.0
99,08-4B,39.86,border,radiation,sbrt,,,,,,,,,,,,8,4B,4,apex,3.0
100,08-4C,2.26,healthy,radiation,sbrt,,,,,,,,,,,,8,4C,4,apex,3.0
101,08-5A,56.74,center,radiation,sbrt,False,280782.0,179857.0,2307817.5,12.831402169501326,0.6405574431409421,460639,8.219250165608907,5.010034973156854,0.6095489092326095,13.288313082478904,8,5A,5,mid,3.0
102,08-5B,47.45,center,radiation,sbrt,False,347019.0,528827.0,6690631.25,12.651833680958045,1.5239136761964043,875846,19.28030237537426,7.639049844379034,0.396210064326377,8.558195162163212,8,5B,5,mid,3.0
103,08-5C,2.87,healthy,radiation,sbrt,,,,,,,,,,,,8,5C,5,mid,3.0
104,08-6A,53.68,center,radiation,sbrt,,,,,,,,,,,,8,6A,6,mid,3.0
105,08-6B,55.27,center,radiation,sbrt,,,,,,,,,,,,8,6B,6,mid,3.0
106,08-6C,2.84,healthy,radiation,sbrt,,,,,,,,,,,,8,6C,6,mid,3.0
107,08-7A,35.89,center,radiation,sbrt,,,,,,,,,,,,8,7A,7,mid,3.0
108,08-7B,45.36,center,radiation,sbrt,,,,,,,,,,,,8,7B,7,mid,3.0
109,08-7C,4.24,healthy,radiation,sbrt,,,,,,,,,,,,8,7C,7,mid,3.0
110,08-8A,40.84,center,radiation,sbrt,False,415881.0,578335.0,7614332.0,13.16595398860522,1.390626164696151,994216,18.30892009974007,7.658629513103793,0.41830044980165276,9.6851652457816,8,8A,8,mid,3.0
111,08-8B,48.27,center,radiation,sbrt,False,342979.0,164323.0,2097240.0,12.762912069521613,0.4791051347167028,507302,6.114776706445584,4.134105522942941,0.6760844625095112,13.705935517699515,8,8B,8,mid,3.0
112,08-8C,1.5,healthy,radiation,sbrt,,,,,,,,,,,,8,8C,8,mid,3.0
113,08-9A,26.13,border,radiation,sbrt,,,,,,,,,,,,8,9A,9,mid,3.0
114,08-9B,45.56,center,radiation,sbrt,,,,,,,,,,,,8,9B,9,mid,3.0
115,08-9C,1.91,healthy,radiation,sbrt,,,,,,,,,,,,8,9C,9,mid,3.0
116,09-10A,13.13,border,radiation,sbrt,,,,,,,,,,,,9,10A,10,base,3.0
117,09-10B,18.76,border,radiation,sbrt,,,,,,,,,,,,9,10B,10,base,3.0
118,09-10C,1.99,healthy,radiation,sbrt,,,,,,,,,,,,9,10C,10,base,3.0
119,09-11A,37.62,border,radiation,sbrt,,,,,,,,,,,,9,11A,11,base,3.0
120,09-11B,25.86,border,radiation,sbrt,,,,,,,,,,,,9,11B,11,base,3.0
121,09-11C,2.26,healthy,radiation,sbrt,,,,,,,,,,,,9,11C,11,base,3.0
122,09-12A,6.03,healthy,radiation,sbrt,,,,,,,,,,,,9,12A,12,base,3.0
123,09-12B,1.81,healthy,radiation,sbrt,,,,,,,,,,,,9,12B,12,base,3.0
124,09-13A,1.65,healthy,radiation,sbrt,,,,,,,,,,,,9,13A,13,base,3.0
125,09-13B,1.82,healthy,radiation,sbrt,,,,,,,,,,,,9,13B,13,base,3.0
126,09-15A,3.3,healthy,radiation,sbrt,False,289101.0,1215760.0,15858290.0,13.043931368033164,4.205312330292873,1504861,54.853805417483855,10.53804304849418,0.19211143088963034,3.3227575503651168,9,15A,15,base,3.0
127,09-15B,2.41,healthy,radiation,sbrt,,,,,,,,,,,,9,15B,15,base,3.0
128,09-2A,,,,,False,266588.0,616979.0,7886282.0,12.782091448817544,2.3143539844254053,883567,29.58228427386079,8.925505366316306,0.301717922919258,6.068765300197947,9,2A,2,,
129,09-2B,,,,,False,171146.0,581391.0,7880563.25,13.554670178932938,3.397046965748542,752537,46.04585120306639,10.471994400275335,0.2274253624738717,4.733364937537955,9,2B,2,,
130,09-4B,73.08,center,radiation,sbrt,,,,,,,,,,,,9,4B,4,apex,3.0
131,09-4C,3.64,healthy,radiation,sbrt,,,,,,,,,,,,9,4C,4,apex,3.0
132,09-5A,50.49,center,radiation,sbrt,False,410334.0,624742.0,8666197.25,13.871641813740712,1.5225206782767209,1035076,21.119861503068233,8.372522645680124,0.39642886126236143,8.573251142911245,9,5A,5,mid,3.0
133,09-5B,68.64,center,radiation,sbrt,False,513102.0,636582.0,8677413.25,13.631257638450348,1.2406539050715062,1149684,16.911673020179222,7.547650702279931,0.4462982871815212,9.049120453968222,9,5B,5,mid,3.0
134,09-5C,4.83,healthy,radiation,sbrt,,,,,,,,,,,,9,5C,5,mid,3.0
135,09-6A,59.99,center,radiation,sbrt,,,,,,,,,,,,9,6A,6,mid,3.0
136,09-6B,66.55,center,radiation,sbrt,,,,,,,,,,,,9,6B,6,mid,3.0
137,09-6C,2.62,healthy,radiation,sbrt,,,,,,,,,,,,9,6C,6,mid,3.0
138,09-7A,59.74,center,radiation,sbrt,,,,,,,,,,,,9,7A,7,mid,3.0
139,09-7B,65.6,center,radiation,sbrt,,,,,,,,,,,,9,7B,7,mid,3.0
140,09-7C,3.46,healthy,radiation,sbrt,,,,,,,,,,,,9,7C,7,mid,3.0
141,09-8A,45.9,center,radiation,sbrt,False,470320.0,337648.0,4469623.75,13.237524729896224,0.7179112093893519,807968,9.503367388161251,5.5319316482831,0.582102261475702,12.009520488435186,9,8A,8,mid,3.0
142,09-8B,49.6,center,radiation,sbrt,,,,,,,,,,,,9,8B,8,mid,3.0
143,09-8C,31.22,border,radiation,sbrt,False,345908.0,523881.0,6436531.25,12.28624678123467,1.5145096384009622,869789,18.607639169952705,7.400106520087055,0.39769185400137275,7.914270874890347,9,8C,8,mid,3.0
144,09-8D,1.73,healthy,radiation,sbrt,,,,,,,,,,,,9,8D,8,mid,3.0
145,09-9A,16.82,border,radiation,sbrt,,,,,,,,,,,,9,9A,9,mid,3.0
146,09-9B,22.85,border,radiation,sbrt,,,,,,,,,,,,9,9B,9,mid,3.0
147,09-9C,21.32,border,radiation,sbrt,,,,,,,,,,,,9,9C,9,mid,3.0
148,09-9D,2.5,healthy,radiation,sbrt,,,,,,,,,,,,9,9D,9,mid,3.0
149,10-10A,45.51,border,radiation,sbrt,,,,,,,,,,,,10,10A,10,base,3.0
150,10-10B,52.11,border,radiation,sbrt,,,,,,,,,,,,10,10B,10,base,3.0
151,10-12C,3.44,healthy,radiation,sbrt,,,,,,,,,,,,10,12C,12,base,3.0
152,10-13A,6.49,healthy,radiation,sbrt,,,,,,,,,,,,10,13A,13,base,3.0
153,10-13B,2.37,healthy,radiation,sbrt,,,,,,,,,,,,10,13B,13,base,3.0
154,10-14A,6.19,healthy,radiation,sbrt,,,,,,,,,,,,10,14A,14,base,3.0
155,10-14B,4.72,healthy,radiation,sbrt,,,,,,,,,,,,10,14B,14,base,3.0
156,10-16A,2.25,healthy,radiation,sbrt,False,796448.0,1665898.0,20727502.25,12.442239710954693,2.091659468038089,2462346,26.02492849501788,8.417786229067726,0.32345088789309057,5.006630770005515,10,16A,16,base,3.0
157,10-16B,4.46,healthy,radiation,sbrt,,,,,,,,,,,,10,16B,16,base,3.0
158,10-18A,3.85,healthy,radiation,sbrt,,,,,,,,,,,,10,18A,18,base,3.0
159,10-18B,2.7,healthy,radiation,sbrt,,,,,,,,,,,,10,18B,18,base,3.0
160,10-1A,10.45,border,radiation,sbrt,,,,,,,,,,,,10,1A,1,apex,3.0
161,10-1B,6.82,healthy,radiation,sbrt,,,,,,,,,,,,10,1B,1,apex,3.0
162,10-2A,47.41,center,radiation,sbrt,False,359034.0,305178.0,3659597.75,11.991682722869932,0.8499974932736175,664212,10.19290025457199,5.509683278832662,0.5405412729670648,11.247586237526573,10,2A,2,apex,3.0
163,10-2B,,,,,False,372088.0,668349.0,8493465.0,12.708128537635277,1.796212186364516,1040437,22.82649534518716,8.163363086856773,0.35762665110910125,6.745240701743595,10,2B,2,,
164,10-3A,33.05,center,radiation,sbrt,,,,,,,,,,,,10,3A,3,apex,3.0
165,10-3B,6.46,healthy,radiation,sbrt,,,,,,,,,,,,10,3B,3,apex,3.0
166,10-4A,31.03,border,radiation,sbrt,,,,,,,,,,,,10,4A,4,apex,3.0
167,10-4B,23.72,border,radiation,sbrt,,,,,,,,,,,,10,4B,4,apex,3.0
168,10-4C,12.33,healthy,radiation,sbrt,,,,,,,,,,,,10,4C,4,apex,3.0
169,10-5A,13.8,border,radiation,sbrt,False,263718.0,357807.0,4874532.75,13.623357704013616,1.3567788319341114,621525,18.483883352672173,7.842858694340533,0.42430795221431156,9.16794939865653,10,5A,5,mid,3.0
170,10-5B,62.89,center,radiation,sbrt,False,387338.0,106097.0,1385894.25,13.062520617925106,0.2739132230764862,493435,3.5779971239589194,2.8086662883662488,0.7849828244854945,16.67083962426662,10,5B,5,mid,3.0
171,10-5C,48.37,border,radiation,sbrt,False,312658.0,284211.0,3761084.25,13.23342252762912,0.9090156017117745,596869,12.029387541658938,6.301356327770415,0.5238301871935048,11.128226629293865,10,5C,5,mid,3.0
172,10-5D,15.25,healthy,radiation,sbrt,,,,,,,,,,,,10,5D,5,mid,3.0
173,10-6A,37.56,border,radiation,sbrt,,,,,,,,,,,,10,6A,6,mid,3.0
174,10-6B,80.67,center,radiation,sbrt,,,,,,,,,,,,10,6B,6,mid,3.0
175,10-6C,56.69,border,radiation,sbrt,,,,,,,,,,,,10,6C,6,mid,3.0
176,10-7C,25.96,border,radiation,sbrt,,,,,,,,,,,,10,7C,7,mid,3.0
177,10-8A,44.57,border,radiation,sbrt,False,462464.0,164391.0,1970949.0,11.989397229775353,0.35546766883476333,626855,4.261843084002214,3.144186454602739,0.7377527498384794,15.402376546410254,10,8A,8,mid,3.0
178,10-8B,73.56,center,radiation,sbrt,False,408160.0,151710.0,1775767.0,11.705009557708786,0.3716924735397883,559870,4.350663955311642,3.1717487988282995,0.7290263811241895,15.258461785771697,10,8B,8,mid,3.0
179,10-8C,33.85,border,radiation,sbrt,False,678659.0,292590.0,3688018.0,12.604730168495164,0.4311296247452697,971249,5.4342725875587,3.797191039578934,0.6987487245804114,14.481985052236862,10,8C,8,mid,3.0
180,10-8D,5.63,healthy,radiation,sbrt,,,,,,,,,,,,10,8D,8,mid,3.0
181,10-9A,36.87,border,radiation,sbrt,,,,,,,,,,,,10,9A,9,mid,3.0
182,10-9B,63.84,center,radiation,sbrt,,,,,,,,,,,,10,9B,9,mid,3.0
183,10-9C,49.38,border,radiation,sbrt,,,,,,,,,,,,10,9C,9,mid,3.0
184,10-9D,3.95,healthy,radiation,sbrt,,,,,,,,,,,,10,9D,9,mid,3.0
185,11-10A,22.9,border,infarct,sbrt,,,,,,,,,,,,11,10A,10,base,3.0
186,11-10B,21.23,border,infarct,sbrt,,,,,,,,,,,,11,10B,10,base,3.0
187,11-10C,17.1,border,infarct,sbrt,,,,,,,,,,,,11,10C,10,base,3.0
188,11-10D,2.07,healthy,infarct,sbrt,,,,,,,,,,,,11,10D,10,base,3.0
189,11-11A,46.16,border,infarct,sbrt,,,,,,,,,,,,11,11A,11,base,3.0
190,11-11B,39.69,border,infarct,sbrt,,,,,,,,,,,,11,11B,11,base,3.0
191,11-11C,9.54,healthy,infarct,sbrt,,,,,,,,,,,,11,11C,11,base,3.0
192,11-11D,3.82,healthy,infarct,sbrt,,,,,,,,,,,,11,11D,11,base,3.0
193,11-12A,11.47,border,infarct,sbrt,,,,,,,,,,,,11,12A,12,base,3.0
194,11-12B,25.66,border,infarct,sbrt,,,,,,,,,,,,11,12B,12,base,3.0
195,11-12C,3.14,healthy,infarct,sbrt,,,,,,,,,,,,11,12C,12,base,3.0
196,11-13A,12.06,border,infarct,sbrt,,,,,,,,,,,,11,13A,13,base,3.0
197,11-13B,2.54,healthy,infarct,sbrt,,,,,,,,,,,,11,13B,13,base,3.0
198,11-14A,6.24,healthy,infarct,sbrt,,,,,,,,,,,,11,14A,14,base,3.0
199,11-14B,3.18,healthy,infarct,sbrt,,,,,,,,,,,,11,14B,14,base,3.0
200,11-18A,2.35,healthy,infarct,sbrt,False,437648.0,2061958.0,25748632.25,12.487466888268335,4.711453039885936,2499606,58.834113831206814,10.301076349632702,0.17508679367868377,2.642465252523798,11,18A,18,base,3.0
201,11-18B,3.71,healthy,infarct,sbrt,,,,,,,,,,,,11,18B,18,base,3.0
202,11-1A,32.74,border,infarct,sbrt,,,,,,,,,,,,11,1A,1,apex,3.0
203,11-1B,80.4,center,infarct,sbrt,,,,,,,,,,,,11,1B,1,apex,3.0
204,11-22A,3.01,healthy,infarct,sbrt,,,,,,,,,,,,11,22A,22,base,3.0
205,11-22B,2.78,healthy,infarct,sbrt,,,,,,,,,,,,11,22B,22,base,3.0
206,11-2A,45.92,border,infarct,sbrt,False,444549.0,596269.0,7619262.0,12.778229289129571,1.3412897115953473,1040818,17.13930747791582,7.320455641620341,0.4271150191484006,7.59598892409624,11,2A,2,apex,3.0
207,11-2B,80.46,center,infarct,sbrt,False,1160703.0,1081248.0,14747404.5,13.63924326334014,0.9315457959529699,1095743,12.705579721944373,13.458816985369744,1.0592839744356113,20.857214693591473,11,2B,2,apex,3.0
208,11-2C,34.06,border,infarct,sbrt,,,,,,,,,,,,11,2C,2,apex,3.0
209,11-2D,35.17,border,infarct,sbrt,,,,,,,,,,,,11,2D,2,apex,3.0
210,11-3A,52.39,border,infarct,sbrt,,,,,,,,,,,,11,3A,3,apex,3.0
211,11-3B,37.94,border,infarct,sbrt,,,,,,,,,,,,11,3B,3,apex,3.0
212,11-3C,33.12,border,infarct,sbrt,,,,,,,,,,,,11,3C,3,apex,3.0
213,11-3D,41.64,border,infarct,sbrt,,,,,,,,,,,,11,3D,3,apex,3.0
214,11-4A,71.01,center,infarct,sbrt,,,,,,,,,,,,11,4A,4,apex,3.0
215,11-4B,63.94,center,infarct,sbrt,,,,,,,,,,,,11,4B,4,apex,3.0
216,11-4C,59.48,border,infarct,sbrt,,,,,,,,,,,,11,4C,4,apex,3.0
217,11-4D,16.08,border,infarct,sbrt,,,,,,,,,,,,11,4D,4,apex,3.0
218,11-4E,37.64,border,infarct,sbrt,,,,,,,,,,,,11,4E,4,apex,3.0
219,11-5A,71.15,center,infarct,sbrt,False,628360.0,462247.0,6060851.5,13.11171624694157,0.735640397224521,1090607,9.645508148195303,5.557319456046037,0.576156213924906,12.918673729400233,11,5A,5,mid,3.0
220,11-5B,57.88,border,infarct,sbrt,False,588338.0,661695.0,8749820.5,13.223343836661906,1.124685129976306,1261948,14.872098181657483,6.933582445552432,0.4662141387759242,9.35378577405725,11,5B,5,mid,3.0
221,11-5C,18.36,border,infarct,sbrt,,,,,,,,,,,,11,5C,5,mid,3.0
222,11-5D,45.12,border,infarct,sbrt,,,,,,,,,,,,11,5D,5,mid,3.0
223,11-6A,37.21,border,infarct,sbrt,,,,,,,,,,,,11,6A,6,mid,3.0
224,11-6B,17.06,border,infarct,sbrt,,,,,,,,,,,,11,6B,6,mid,3.0
225,11-6C,3.85,healthy,infarct,sbrt,,,,,,,,,,,,11,6C,6,mid,3.0
226,11-6D,22.47,border,infarct,sbrt,,,,,,,,,,,,11,6D,6,mid,3.0
227,11-7A,46.37,center,infarct,sbrt,,,,,,,,,,,,11,7A,7,mid,3.0
228,11-7B,13.87,border,infarct,sbrt,,,,,,,,,,,,11,7B,7,mid,3.0
229,11-7C,2.16,healthy,infarct,sbrt,,,,,,,,,,,,11,7C,7,mid,3.0
230,11-7D,22.64,border,infarct,sbrt,,,,,,,,,,,,11,7D,7,mid,3.0
231,11-8A,24.25,border,infarct,sbrt,False,344533.0,421236.0,5502782.25,13.063418724895309,1.222628891862318,765769,15.971713159552205,7.185955882256921,0.4499176644653936,8.607484437212788,11,8A,8,mid,3.0
232,11-8B,25.39,border,infarct,sbrt,False,321826.0,427442.0,5483105.5,12.827718146555556,1.3281773380646684,749268,17.037484541336003,7.3179496521938745,0.4295205453856297,7.3498134178958665,11,8B,8,mid,3.0
233,11-8C,2.3,healthy,infarct,sbrt,,,,,,,,,,,,11,8C,8,mid,3.0
234,11-8D,8.49,border,infarct,sbrt,,,,,,,,,,,,11,8D,8,mid,3.0
235,11-9A,30.89,border,infarct,sbrt,,,,,,,,,,,,11,9A,9,mid,3.0
236,11-9B,43.2,border,infarct,sbrt,,,,,,,,,,,,11,9B,9,mid,3.0
237,11-9C,3.11,healthy,infarct,sbrt,,,,,,,,,,,,11,9C,9,mid,3.0
238,11-9D,22.53,border,infarct,sbrt,,,,,,,,,,,,11,9D,9,mid,3.0
239,12-10A,29.09,border,infarct,sbrt,,,,,,,,,,,,12,10A,10,base,3.0
240,12-14A,10.86,healthy,infarct,sbrt,False,377967.0,2185240.0,27431190.25,12.552941667734437,5.781562940680007,2563207,72.57562234269129,10.701902050829293,0.14745863287670485,2.363999669164449,12,14A,14,base,3.0
241,12-14B,2.79,healthy,infarct,sbrt,,,,,,,,,,,,12,14B,14,base,3.0
242,12-1A,42.62,center,infarct,sbrt,,,,,,,,,,,,12,1A,1,apex,3.0
243,12-2A,44.34,center,infarct,sbrt,False,184170.0,95429.0,1384852.5,14.51186222217565,0.5181571374273769,279599,7.519424987783027,4.9529951823862035,0.6586933429661765,14.395371585735285,12,2A,2,apex,3.0
244,12-2B,40.38,center,infarct,sbrt,False,351894.0,619356.0,7836084.75,12.651988113459787,1.7600641102150079,971250,22.268310201367456,8.068040926640927,0.3623104247104247,6.8482131274131275,12,2B,2,apex,3.0
245,12-2C,22.9,healthy,infarct,sbrt,,,,,,,,,,,,12,2C,2,apex,3.0
246,12-3A,47.09,center,infarct,sbrt,,,,,,,,,,,,12,3A,3,apex,3.0
247,12-3B,44.97,center,infarct,sbrt,,,,,,,,,,,,12,3B,3,apex,3.0
248,12-3C,34.91,border,infarct,sbrt,,,,,,,,,,,,12,3C,3,apex,3.0
249,12-3D,19.57,healthy,infarct,sbrt,,,,,,,,,,,,12,3D,3,apex,3.0
250,12-4A,46.89,center,infarct,sbrt,,,,,,,,,,,,12,4A,4,apex,3.0
251,12-4B,45.49,center,infarct,sbrt,,,,,,,,,,,,12,4B,4,apex,3.0
252,12-4C,32.98,border,infarct,sbrt,,,,,,,,,,,,12,4C,4,apex,3.0
253,12-4D,18.97,healthy,infarct,sbrt,,,,,,,,,,,,12,4D,4,apex,3.0
254,12-5A,24.37,border,infarct,sbrt,,,,,,,,,,,,12,5A,5,mid,3.0
255,12-5B,37.4,border,infarct,sbrt,False,969288.0,1026584.0,13267584.0,12.924012063308993,1.059111430245706,1105740,13.687968900883948,11.998827934234088,0.8765966682945358,15.601283755674933,12,5B,5,mid,3.0
256,12-5C,40.87,border,infarct,sbrt,False,366415.0,362067.0,4865785.5,13.438909096935097,0.9881336735668572,728482,13.279438614685533,6.679348974991832,0.5029842878753353,9.72877504179925,12,5C,5,mid,3.0
257,12-5D,22.17,healthy,infarct,sbrt,,,,,,,,,,,,12,5D,5,mid,3.0
258,12-6A,45.99,center,infarct,sbrt,,,,,,,,,,,,12,6A,6,mid,3.0
259,12-6B,37.49,border,infarct,sbrt,,,,,,,,,,,,12,6B,6,mid,3.0
260,12-6C,16.91,healthy,infarct,sbrt,,,,,,,,,,,,12,6C,6,mid,3.0
261,12-6D,33.22,border,infarct,sbrt,,,,,,,,,,,,12,6D,6,mid,3.0
262,12-7A,39.49,border,infarct,sbrt,,,,,,,,,,,,12,7A,7,mid,3.0
263,12-7B,43.34,center,infarct,sbrt,,,,,,,,,,,,12,7B,7,mid,3.0
264,12-7C,32.89,border,infarct,sbrt,,,,,,,,,,,,12,7C,7,mid,3.0
265,12-7D,4.18,healthy,infarct,sbrt,,,,,,,,,,,,12,7D,7,mid,3.0
266,12-8A,28.92,border,infarct,sbrt,False,759899.0,868318.0,10948207.0,12.608522453755421,1.1426755397756807,1628217,14.407450200618767,6.724046610494793,0.46670621913418175,7.983791011886008,12,8A,8,mid,3.0
267,12-8B,38.01,border,infarct,sbrt,False,500150.0,273471.0,3432657.75,12.552181949822833,0.546777966610017,773621,6.863256523043087,4.437131037032345,0.6465052008670913,13.45698022675186,12,8B,8,mid,3.0
268,12-8C,25.0,border,infarct,sbrt,False,537219.0,477595.0,5879800.25,12.311268438739937,0.8890136052522342,1014814,10.944885139952236,5.7939684020914175,0.5293768119083891,9.453904360799122,12,8C,8,mid,3.0
269,12-8D,4.06,border,infarct,sbrt,,,,,,,,,,,,12,8D,8,mid,3.0
270,12-9A,32.97,border,infarct,sbrt,,,,,,,,,,,,12,9A,9,mid,3.0
271,12-9B,36.99,border,infarct,sbrt,,,,,,,,,,,,12,9B,9,mid,3.0
272,12-9C,3.05,healthy,infarct,sbrt,,,,,,,,,,,,12,9C,9,mid,3.0
273,13-1,2.88,healthy,infarct,sbrt,,,,,,,,,,,,13,1,1,apex,3.0
274,13-11A,9.07,border,infarct,sbrt,,,,,,,,,,,,13,11A,11,base,3.0
275,13-11B,0.73,healthy,infarct,sbrt,,,,,,,,,,,,13,11B,11,base,3.0
276,13-12A,0.71,healthy,infarct,sbrt,,,,,,,,,,,,13,12A,12,base,3.0
277,13-12B,1.63,healthy,infarct,sbrt,,,,,,,,,,,,13,12B,12,base,3.0
278,13-14A,1.34,healthy,infarct,sbrt,False,467691.0,1853157.0,23557651.75,12.712172659952719,3.96235334868535,2320848,50.37011990823001,10.150450072559686,0.20151729023184628,3.0961595718461528,13,14A,14,base,3.0
279,13-14B,3.95,healthy,infarct,sbrt,,,,,,,,,,,,13,14B,14,base,3.0
280,13-2A,6.04,border,infarct,sbrt,False,695585.0,1259137.0,17639156.0,14.008925160645743,1.810184233415039,1954722,25.35873545289217,9.023869378868197,0.3558485554467592,5.660918023125539,13,2A,2,apex,3.0
281,13-2B,0.97,healthy,infarct,sbrt,,,,,,,,,,,,13,2B,2,apex,3.0
282,13-3A,23.99,border,infarct,sbrt,,,,,,,,,,,,13,3A,3,apex,3.0
283,13-3C,1.05,healthy,infarct,sbrt,,,,,,,,,,,,13,3C,3,apex,3.0
284,13-4A,32.59,border,infarct,sbrt,,,,,,,,,,,,13,4A,4,apex,3.0
285,13-4B,21.1,border,infarct,sbrt,,,,,,,,,,,,13,4B,4,apex,3.0
286,13-4C,1.25,healthy,infarct,sbrt,,,,,,,,,,,,13,4C,4,apex,3.0
287,13-5A,23.74,border,infarct,sbrt,False,647957.0,356514.0,4410449.0,12.371040127456425,0.5502124369364016,1004471,6.806700135965812,4.390817654267769,0.6450728791572877,12.772384419261481,13,5A,5,mid,3.0
288,13-5B,20.46,border,infarct,sbrt,False,574895.0,583185.0,7634932.0,13.09178391076588,1.0144200245262178,1158080,13.280567755851068,6.592750069079856,0.4964207999447361,10.254010301533572,13,5B,5,mid,3.0
289,13-5C,0.81,healthy,infarct,sbrt,,,,,,,,,,,,13,5C,5,mid,3.0
290,13-6A,20.13,border,infarct,sbrt,,,,,,,,,,,,13,6A,6,mid,3.0
291,13-6B,33.77,border,infarct,sbrt,,,,,,,,,,,,13,6B,6,mid,3.0
292,13-6C,0.51,healthy,infarct,sbrt,,,,,,,,,,,,13,6C,6,mid,3.0
293,13-7A,29.99,border,infarct,sbrt,,,,,,,,,,,,13,7A,7,mid,3.0
294,13-7B,31.02,border,infarct,sbrt,,,,,,,,,,,,13,7B,7,mid,3.0
295,13-7C,0.58,healthy,infarct,sbrt,,,,,,,,,,,,13,7C,7,mid,3.0
296,13-8A,4.78,border,infarct,sbrt,False,615311.0,398087.0,5052889.25,12.692927048609977,0.6469687686389485,1013398,8.211927383063198,4.9860856741379,0.607176055212266,11.653433300638051,13,8A,8,mid,3.0
297,13-8B,36.64,border,infarct,sbrt,False,431222.0,264490.0,3222421.5,12.183528677832811,0.6133499682298214,695712,7.472766927475871,4.631832568649096,0.6198283197645003,12.325066622395473,13,8B,8,mid,3.0
298,13-8C,0.86,healthy,infarct,sbrt,,,,,,,,,,,,13,8C,8,mid,3.0
299,13-9A,7.79,border,infarct,sbrt,,,,,,,,,,,,13,9A,9,mid,3.0
300,13-9B,38.59,border,infarct,sbrt,,,,,,,,,,,,13,9B,9,mid,3.0
301,13-9C,1.04,healthy,infarct,sbrt,,,,,,,,,,,,13,9C,9,mid,3.0
302,14-10A,15.49,,infarct,sbrt,,,,,,,,,,,,14,10A,10,base,3.0
303,14-10B,35.66,,infarct,sbrt,,,,,,,,,,,,14,10B,10,base,3.0
304,14-10C,20.46,,infarct,sbrt,,,,,,,,,,,,14,10C,10,base,3.0
305,14-10D,0.95,,infarct,sbrt,,,,,,,,,,,,14,10D,10,base,3.0
306,14-11A,21.8,border,infarct,sbrt,,,,,,,,,,,,14,11A,11,base,3.0
307,14-11B,26.35,border,infarct,sbrt,,,,,,,,,,,,14,11B,11,base,3.0
308,14-11C,11.68,border,infarct,sbrt,,,,,,,,,,,,14,11C,11,base,3.0
309,14-11D,1.68,healthy,infarct,sbrt,,,,,,,,,,,,14,11D,11,base,3.0
310,14-12A,31.19,border,infarct,sbrt,,,,,,,,,,,,14,12A,12,base,3.0
311,14-12B,11.53,border,infarct,sbrt,,,,,,,,,,,,14,12B,12,base,3.0
312,14-12C,3.7,healthy,infarct,sbrt,,,,,,,,,,,,14,12C,12,base,3.0
313,14-12D,1.29,healthy,infarct,sbrt,,,,,,,,,,,,14,12D,12,base,3.0
314,14-13A,18.87,border,infarct,sbrt,,,,,,,,,,,,14,13A,13,base,3.0
315,14-13B,7.8,border,infarct,sbrt,,,,,,,,,,,,14,13B,13,base,3.0
316,14-13C,1.51,healthy,infarct,sbrt,,,,,,,,,,,,14,13C,13,base,3.0
317,14-14A,5.84,healthy,infarct,sbrt,,,,,,,,,,,,14,14A,14,base,3.0
318,14-14B,2.67,healthy,infarct,sbrt,,,,,,,,,,,,14,14B,14,base,3.0
319,14-14C,1.18,healthy,infarct,sbrt,,,,,,,,,,,,14,14C,14,base,3.0
320,14-15A,1.15,healthy,infarct,sbrt,,,,,,,,,,,,14,15A,15,base,3.0
321,14-15B,1.54,healthy,infarct,sbrt,,,,,,,,,,,,14,15B,15,base,3.0
322,14-15C,2.08,healthy,infarct,sbrt,,,,,,,,,,,,14,15C,15,base,3.0
323,14-16A,0.9,healthy,infarct,sbrt,,,,,,,,,,,,14,16A,16,base,3.0
324,14-16B,1.56,healthy,infarct,sbrt,,,,,,,,,,,,14,16B,16,base,3.0
325,14-19A,1.92,healthy,infarct,sbrt,,,,,,,,,,,,14,19A,19,base,3.0
326,14-19B,1.1,healthy,infarct,sbrt,,,,,,,,,,,,14,19B,19,base,3.0
327,14-1A,43.3,center,infarct,sbrt,,,,,,,,,,,,14,1A,1,apex,3.0
328,14-1B,3.24,healthy,infarct,sbrt,,,,,,,,,,,,14,1B,1,apex,3.0
329,14-22A,3.01,healthy,infarct,sbrt,,,,,,,,,,,,14,22A,22,base,3.0
330,14-22B,0.85,healthy,infarct,sbrt,,,,,,,,,,,,14,22B,22,base,3.0
331,14-2A,45.85,center,infarct,sbrt,False,499012.0,178186.0,2487564.75,13.960494932261794,0.35707758530856976,677198,4.9849798201245665,3.6733196937970876,0.736877545415078,17.598215736018123,14,2A,2,apex,3.0
332,14-2B,10.94,border,infarct,sbrt,False,411228.0,383365.0,5066364.75,13.215511979445177,0.9322443997004095,794593,12.32008703201144,6.376050065882786,0.5175328753210763,11.610258333511622,14,2B,2,apex,3.0
333,14-2C,1.94,healthy,infarct,sbrt,,,,,,,,,,,,14,2C,2,apex,3.0
334,14-2D,3.41,healthy,infarct,sbrt,,,,,,,,,,,,14,2D,2,apex,3.0
335,14-3A,37.8,border,infarct,sbrt,,,,,,,,,,,,14,3A,3,apex,3.0
336,14-3B,63.42,center,infarct,sbrt,,,,,,,,,,,,14,3B,3,apex,3.0
337,14-3C,15.91,border,infarct,sbrt,,,,,,,,,,,,14,3C,3,apex,3.0
338,14-3D,3.61,healthy,infarct,sbrt,,,,,,,,,,,,14,3D,3,apex,3.0
339,14-3E,2.45,healthy,infarct,sbrt,,,,,,,,,,,,14,3E,3,apex,3.0
340,14-4A,23.04,border,infarct,sbrt,,,,,,,,,,,,14,4A,4,apex,3.0
341,14-4B,58.72,center,infarct,sbrt,,,,,,,,,,,,14,4B,4,apex,3.0
342,14-4C,25.5,border,infarct,sbrt,,,,,,,,,,,,14,4C,4,apex,3.0
343,14-4D,3.97,healthy,infarct,sbrt,,,,,,,,,,,,14,4D,4,apex,3.0
344,14-4E,1.91,healthy,infarct,sbrt,,,,,,,,,,,,14,4E,4,apex,3.0
345,14-5A,16.41,border,infarct,sbrt,,,,,,,,,,,,14,5A,5,mid,3.0
346,14-5B,34.03,border,infarct,sbrt,False,367998.0,158262.0,2101433.25,13.278192175000948,0.43006211990282556,526260,5.710447475258018,3.9931464485235435,0.6992703226542013,14.090827727739141,14,5B,5,mid,3.0
347,14-5C,25.08,border,infarct,sbrt,,,,,,,,,,,,14,5C,5,mid,3.0
348,14-5D,1.07,healthy,infarct,sbrt,,,,,,,,,,,,14,5D,5,mid,3.0
349,14-6A,17.15,border,infarct,sbrt,,,,,,,,,,,,14,6A,6,mid,3.0
350,14-6B,39.54,border,infarct,sbrt,,,,,,,,,,,,14,6B,6,mid,3.0
351,14-6C,31.92,border,infarct,sbrt,,,,,,,,,,,,14,6C,6,mid,3.0
352,14-6D,0.93,healthy,infarct,sbrt,,,,,,,,,,,,14,6D,6,mid,3.0
353,14-7A,29.58,border,infarct,sbrt,,,,,,,,,,,,14,7A,7,mid,3.0
354,14-7B,25.63,border,infarct,sbrt,,,,,,,,,,,,14,7B,7,mid,3.0
355,14-7C,21.58,border,infarct,sbrt,,,,,,,,,,,,14,7C,7,mid,3.0
356,14-7D,0.73,healthy,infarct,sbrt,,,,,,,,,,,,14,7D,7,mid,3.0
357,14-8A,23.31,border,infarct,sbrt,False,393197.0,182276.0,2333774.0,12.803517742324827,0.4635742388675397,575473,5.935380992225271,4.055401382862446,0.683258814922681,12.072887433467773,14,8A,8,mid,3.0
358,14-8B,24.28,border,infarct,sbrt,False,372135.0,193303.0,2438240.0,12.613565231786367,0.5194432128125546,565438,6.552030849019845,4.312126174753024,0.6581358168357981,12.390866461044359,14,8B,8,mid,3.0
359,14-8C,18.99,border,infarct,sbrt,,,,,,,,,,,,14,8C,8,mid,3.0
360,14-8D,0.92,healthy,infarct,sbrt,,,,,,,,,,,,14,8D,8,mid,3.0
361,14-9A,32.22,,infarct,sbrt,,,,,,,,,,,,14,9A,9,mid,3.0
362,14-9B,29.39,,infarct,sbrt,,,,,,,,,,,,14,9B,9,mid,3.0
363,14-9C,19.72,,infarct,sbrt,,,,,,,,,,,,14,9C,9,mid,3.0
364,14-9D,1.84,healthy,infarct,sbrt,,,,,,,,,,,,14,9D,9,mid,3.0
365,15-1A,37.65,border,infarct,sbrt,,,,,,,,,,,,15,1A,1,apex,3.0
366,15-1B,15.17,border,infarct,sbrt,,,,,,,,,,,,15,1B,1,apex,3.0
367,15-2A,45.94,center,infarct,sbrt,False,657563.0,303379.0,3893068.0,12.832358205413032,0.461368720563657,960942,5.920448687045956,4.051303824788593,0.6842899987720382,17.09030721937432,15,2A,2,apex,3.0
368,15-2B,42.5,border,infarct,sbrt,False,514856.0,246443.0,3341191.5,13.557664449791636,0.47866393710085925,761299,6.489565043429619,4.388803216607404,0.676286189788769,17.899844213640108,15,2B,2,apex,3.0
369,15-2C,8.39,healthy,infarct,sbrt,,,,,,,,,,,,15,2C,2,apex,3.0
370,15-3A,25.93,border,infarct,sbrt,,,,,,,,,,,,15,3A,3,apex,3.0
371,15-3B,63.43,center,infarct,sbrt,,,,,,,,,,,,15,3B,3,apex,3.0
372,15-3C,26.75,border,infarct,sbrt,,,,,,,,,,,,15,3C,3,apex,3.0
373,15-3D,4.55,healthy,infarct,sbrt,,,,,,,,,,,,15,3D,3,apex,3.0
374,15-4A,27.68,border,infarct,sbrt,,,,,,,,,,,,15,4A,4,apex,3.0
375,15-4B,66.98,center,infarct,sbrt,,,,,,,,,,,,15,4B,4,apex,3.0
376,15-4C,48.76,center,infarct,sbrt,,,,,,,,,,,,15,4C,4,apex,3.0
377,15-4D,4.7,healthy,infarct,sbrt,,,,,,,,,,,,15,4D,4,apex,3.0
378,15-5A,20.0,border,infarct,sbrt,False,428833.0,466693.0,6232124.5,13.353798964201307,1.08828611604051,895526,14.532754009136424,6.959177622983587,0.47886158525827277,10.75971663580957,15,5A,5,mid,3.0
379,15-5B,74.84,center,infarct,sbrt,False,535121.0,125287.0,1962036.75,15.660337864263651,0.23412835601667661,660408,3.6665291588257607,2.970946369517026,0.8102884883284273,21.964713101597802,15,5B,5,mid,3.0
380,15-5C,71.21,center,infarct,sbrt,,,,,,,,,,,,15,5C,5,mid,3.0
381,15-5D,48.21,border,infarct,sbrt,,,,,,,,,,,,15,5D,5,mid,3.0
382,15-5E,2.67,healthy,infarct,sbrt,,,,,,,,,,,,15,5E,5,mid,3.0
383,15-6A,25.43,border,infarct,sbrt,,,,,,,,,,,,15,6A,6,mid,3.0
384,15-6B,82.18,center,infarct,sbrt,,,,,,,,,,,,15,6B,6,mid,3.0
385,15-8B,,,,,False,364201.0,117717.0,1514124.25,12.862409422598265,0.32321987034631977,481918,4.157386305913493,3.1418711274532183,0.7557323030059055,16.657058358475922,15,8B,8,,
386,16-10A,3.52,healthy,control,sbrt,,,,,,,,,,,,16,10A,10,base,3.0
387,16-10B,4.49,healthy,control,sbrt,,,,,,,,,,,,16,10B,10,base,3.0
388,16-11B,5.0,healthy,control,sbrt,,,,,,,,,,,,16,11B,11,base,3.0
389,16-12A,3.07,healthy,control,sbrt,,,,,,,,,,,,16,12A,12,base,3.0
390,16-12B,3.75,healthy,control,sbrt,,,,,,,,,,,,16,12B,12,base,3.0
391,16-13A,0.63,healthy,control,sbrt,False,779396.0,882029.0,11913199.75,13.506585100943393,1.1316827389414368,1661425,15.28516922078122,7.1704709812359875,0.46911296026001775,9.12561355462931,16,13A,13,base,3.0
392,16-13B,0.57,healthy,control,sbrt,,,,,,,,,,,,16,13B,13,base,3.0
393,16-14A,1.6,healthy,control,sbrt,,,,,,,,,,,,16,14A,14,base,3.0
394,16-14B,4.87,healthy,control,sbrt,,,,,,,,,,,,16,14B,14,base,3.0
395,16-4A,3.2,healthy,control,sbrt,False,546623.0,846897.0,11962197.0,14.124736538209486,1.549325586373058,1393520,21.88381571942637,8.584158820827831,0.39226060623457143,8.785684094953787,16,4A,4,apex,3.0
396,16-4B,8.06,healthy,control,sbrt,,,,,,,,,,,,16,4B,4,apex,3.0
397,16-5A,5.45,healthy,control,sbrt,,,,,,,,,,,,16,5A,5,mid,3.0
398,16-5B,6.25,healthy,control,sbrt,,,,,,,,,,,,16,5B,5,mid,3.0
399,16-6A,1.05,healthy,control,sbrt,,,,,,,,,,,,16,6A,6,mid,3.0
400,16-6B,5.87,healthy,control,sbrt,,,,,,,,,,,,16,6B,6,mid,3.0
401,16-7A,3.65,healthy,control,sbrt,,,,,,,,,,,,16,7A,7,mid,3.0
402,16-7B,5.28,healthy,control,sbrt,,,,,,,,,,,,16,7B,7,mid,3.0
403,16-8A,3.9,healthy,control,sbrt,,,,,,,,,,,,16,8A,8,mid,3.0
404,16-8B,4.71,healthy,control,sbrt,,,,,,,,,,,,16,8B,8,mid,3.0
405,16-9A,4.61,healthy,control,sbrt,,,,,,,,,,,,16,9A,9,mid,3.0
406,16-9B,0.97,healthy,control,sbrt,,,,,,,,,,,,16,9B,9,mid,3.0
407,17-10A,3.34,healthy,control,sbrt,,,,,,,,,,,,17,10A,10,base,3.0
408,17-10B,2.76,healthy,control,sbrt,,,,,,,,,,,,17,10B,10,base,3.0
409,17-11A,1.62,healthy,control,sbrt,,,,,,,,,,,,17,11A,11,base,3.0
410,17-11B,,,,,False,558675.0,1311607.0,17114883.25,13.048789195239122,2.347710207186647,1870282,30.63477558508972,9.150963999011914,0.298711638137992,6.4409998064463005,17,11B,11,,
411,17-12A,0.42,healthy,control,sbrt,,,,,,,,,,,,17,12A,12,base,3.0
412,17-12B,4.72,healthy,control,sbrt,False,416458.0,1054555.0,13697581.0,12.988967858480592,2.532200125823012,1471013,32.89066604555561,9.311665498537403,0.28310966660389814,6.510013337747525,17,12B,12,base,3.0
413,17-13A,0.77,healthy,control,sbrt,,,,,,,,,,,,17,13A,13,base,3.0
414,17-13B,1.24,healthy,control,sbrt,False,502026.0,1311463.0,16769612.25,12.786950337142565,2.612340795098262,1813489,33.40387201061299,9.247154104601682,0.2768288089974629,5.9774984849646176,17,13B,13,base,3.0
415,17-4A,3.56,healthy,control,sbrt,,,,,,,,,,,,17,4A,4,apex,3.0
416,17-4B,2.97,healthy,control,sbrt,,,,,,,,,,,,17,4B,4,apex,3.0
417,17-5A,5.03,healthy,control,sbrt,,,,,,,,,,,,17,5A,5,mid,3.0
418,17-5B,3.69,healthy,control,sbrt,,,,,,,,,,,,17,5B,5,mid,3.0
419,17-6A,5.39,healthy,control,sbrt,,,,,,,,,,,,17,6A,6,mid,3.0
420,17-6B,3.44,healthy,control,sbrt,,,,,,,,,,,,17,6B,6,mid,3.0
421,17-7A,6.02,healthy,control,sbrt,,,,,,,,,,,,17,7A,7,mid,3.0
422,17-7B,4.88,healthy,control,sbrt,,,,,,,,,,,,17,7B,7,mid,3.0
423,17-8A,5.49,healthy,control,sbrt,,,,,,,,,,,,17,8A,8,mid,3.0
424,17-8B,1.91,healthy,control,sbrt,,,,,,,,,,,,17,8B,8,mid,3.0
425,17-9A,4.48,healthy,control,sbrt,,,,,,,,,,,,17,9A,9,mid,3.0
426,17-9B,3.07,healthy,control,sbrt,,,,,,,,,,,,17,9B,9,mid,3.0
427,18-10A,17.31,border,infarct,sbrt,,,,,,,,,,,,18,10A,10,base,3.0
428,18-10B,1.04,healthy,infarct,sbrt,,,,,,,,,,,,18,10B,10,base,3.0
429,18-10C,27.16,border,infarct,sbrt,,,,,,,,,,,,18,10C,10,base,3.0
430,18-11A,13.05,border,infarct,sbrt,,,,,,,,,,,,18,11A,11,base,3.0
431,18-11B,1.04,healthy,infarct,sbrt,,,,,,,,,,,,18,11B,11,base,3.0
432,18-11C,21.53,border,infarct,sbrt,,,,,,,,,,,,18,11C,11,base,3.0
433,18-12A,27.81,border,infarct,sbrt,,,,,,,,,,,,18,12A,12,base,3.0
434,18-12B,1.06,healthy,infarct,sbrt,,,,,,,,,,,,18,12B,12,base,3.0
435,18-13A,7.38,healthy,infarct,sbrt,,,,,,,,,,,,18,13A,13,base,3.0
436,18-13B,2.71,healthy,infarct,sbrt,,,,,,,,,,,,18,13B,13,base,3.0
437,18-1A,58.2,center,infarct,sbrt,,,,,,,,,,,,18,1A,1,apex,3.0
438,18-1B,45.64,center,infarct,sbrt,,,,,,,,,,,,18,1B,1,apex,3.0
439,18-2A,53.35,center,infarct,sbrt,False,475310.0,179104.0,2547049.5,14.221064297838128,0.3768151311775473,654414,5.358712208874208,3.892107289880718,0.726313923601879,16.557888431482212,18,2A,2,apex,3.0
440,18-2B,19.68,border,infarct,sbrt,False,441003.0,303099.0,4199713.5,13.855913414428949,0.6872946442541207,744102,9.523095080985843,5.6440024351500195,0.5926647153212866,13.020239832711107,18,2B,2,apex,3.0
441,18-2C,35.88,border,infarct,sbrt,,,,,,,,,,,,18,2C,2,apex,3.0
442,18-3A,52.27,center,infarct,sbrt,,,,,,,,,,,,18,3A,3,apex,3.0
443,18-3B,26.37,border,infarct,sbrt,,,,,,,,,,,,18,3B,3,apex,3.0
444,18-3C,11.03,healthy,infarct,sbrt,,,,,,,,,,,,18,3C,3,apex,3.0
445,18-3D,14.26,border,infarct,sbrt,,,,,,,,,,,,18,3D,3,apex,3.0
446,18-4A,36.04,border,infarct,sbrt,,,,,,,,,,,,18,4A,4,apex,3.0
447,18-4B,3.22,healthy,infarct,sbrt,,,,,,,,,,,,18,4B,4,apex,3.0
448,18-4C,7.15,healthy,infarct,sbrt,,,,,,,,,,,,18,4C,4,apex,3.0
449,18-4D,16.38,border,infarct,sbrt,,,,,,,,,,,,18,4D,4,apex,3.0
450,18-4E,43.87,center,infarct,sbrt,,,,,,,,,,,,18,4E,4,apex,3.0
451,18-5A,37.26,border,infarct,sbrt,False,588889.0,406774.0,5906496.5,14.520339303888646,0.6907481715569488,995663,10.02989782454758,5.932224557907645,0.5914541365903926,12.305222499982424,18,5A,5,mid,3.0
452,18-5B,14.62,border,infarct,sbrt,,,,,,,,,,,,18,5B,5,mid,3.0
453,18-5C,1.4,healthy,infarct,sbrt,,,,,,,,,,,,18,5C,5,mid,3.0
454,18-5D,24.38,border,infarct,sbrt,,,,,,,,,,,,18,5D,5,mid,3.0
455,18-6A,31.23,border,infarct,sbrt,,,,,,,,,,,,18,6A,6,mid,3.0
456,18-6B,6.27,border,infarct,sbrt,,,,,,,,,,,,18,6B,6,mid,3.0
457,18-6C,1.34,healthy,infarct,sbrt,,,,,,,,,,,,18,6C,6,mid,3.0
458,18-6D,22.47,border,infarct,sbrt,,,,,,,,,,,,18,6D,6,mid,3.0
459,18-7A,24.15,border,infarct,sbrt,,,,,,,,,,,,18,7A,7,mid,3.0
460,18-7B,1.88,healthy,infarct,sbrt,,,,,,,,,,,,18,7B,7,mid,3.0
461,18-7C,12.43,border,infarct,sbrt,,,,,,,,,,,,18,7C,7,mid,3.0
462,18-7D,26.97,border,infarct,sbrt,,,,,,,,,,,,18,7D,7,mid,3.0
463,18-8A,24.72,border,infarct,sbrt,False,788308.0,308080.0,4222258.25,13.705070923136848,0.3908117131882462,1096388,5.356102246837531,3.8510620783883076,0.7190045859677413,13.700366339288646,18,8A,8,mid,3.0
464,18-8B,1.39,healthy,infarct,sbrt,,,,,,,,,,,,18,8B,8,mid,3.0
465,18-8C,16.22,border,infarct,sbrt,False,604345.0,346328.0,5054852.75,14.595564753643945,0.5730633992173345,950673,8.364183951219916,5.317130864135197,0.6357022866958459,11.6945637458937,18,8C,8,mid,3.0
466,18-9A,21.55,border,infarct,sbrt,,,,,,,,,,,,18,9A,9,mid,3.0
467,18-9B,1.35,healthy,infarct,sbrt,,,,,,,,,,,,18,9B,9,mid,3.0
468,18-9C,10.58,border,infarct,sbrt,,,,,,,,,,,,18,9C,9,mid,3.0
469,19-10A,29.64,border,infarct,sbrt,,,,,,,,,,,,19,10A,10,base,3.0
470,19-10B,1.79,healthy,infarct,sbrt,,,,,,,,,,,,19,10B,10,base,3.0
471,19-10C,26.93,border,infarct,sbrt,,,,,,,,,,,,19,10C,10,base,3.0
472,19-11A,31.01,border,infarct,sbrt,,,,,,,,,,,,19,11A,11,base,3.0
473,19-11B,2.86,healthy,infarct,sbrt,,,,,,,,,,,,19,11B,11,base,3.0
474,19-11C,23.14,border,infarct,sbrt,,,,,,,,,,,,19,11C,11,base,3.0
475,19-12A,28.81,border,infarct,sbrt,,,,,,,,,,,,19,12A,12,base,3.0
476,19-12B,3.38,healthy,infarct,sbrt,,,,,,,,,,,,19,12B,12,base,3.0
477,19-13A,27.56,border,infarct,sbrt,,,,,,,,,,,,19,13A,13,base,3.0
478,19-14A,23.04,border,infarct,sbrt,,,,,,,,,,,,19,14A,14,base,3.0
479,19-14B,1.39,healthy,infarct,sbrt,,,,,,,,,,,,19,14B,14,base,3.0
480,19-15A,16.79,healthy,infarct,sbrt,,,,,,,,,,,,19,15A,15,base,3.0
481,19-15B,1.32,healthy,infarct,sbrt,,,,,,,,,,,,19,15B,15,base,3.0
482,19-16A,7.34,healthy,infarct,sbrt,,,,,,,,,,,,19,16A,16,base,3.0
483,19-16B,0.36,healthy,infarct,sbrt,,,,,,,,,,,,19,16B,16,base,3.0
484,19-17A,1.28,healthy,infarct,sbrt,,,,,,,,,,,,19,17A,17,base,3.0
485,19-17B,0.76,healthy,infarct,sbrt,,,,,,,,,,,,19,17B,17,base,3.0
486,19-19A,1.22,healthy,infarct,sbrt,False,344186.0,510897.0,7226397.5,14.14452913209512,1.4843631059950144,855083,20.995617195353674,8.45110650077244,0.40251765033335946,8.965981957307068,19,19A,19,base,3.0
487,19-19B,1.22,healthy,infarct,sbrt,,,,,,,,,,,,19,19B,19,base,3.0
488,19-2B,1.84,healthy,infarct,sbrt,,,,,,,,,,,,19,2B,2,apex,3.0
489,19-3A,66.64,center,infarct,sbrt,False,945913.0,186612.0,2394525.25,12.831571656699461,0.19728241392178772,1132525,2.531443430844063,2.1143244078497165,0.835224829473963,19.475820842807003,19,3A,3,apex,3.0
490,19-3B,9.33,border,infarct,sbrt,,,,,,,,,,,,19,3B,3,apex,3.0
491,19-3C,43.22,border,infarct,sbrt,,,,,,,,,,,,19,3C,3,apex,3.0
492,19-4A,70.06,center,infarct,sbrt,,,,,,,,,,,,19,4A,4,apex,3.0
493,19-4B,37.17,border,infarct,sbrt,,,,,,,,,,,,19,4B,4,apex,3.0
494,19-4C,4.3,healthy,infarct,sbrt,,,,,,,,,,,,19,4C,4,apex,3.0
495,19-4D,16.6,border,infarct,sbrt,,,,,,,,,,,,19,4D,4,apex,3.0
496,19-5A,77.01,center,infarct,sbrt,False,162989.0,8713.0,60005.5,6.886893148169402,0.053457595297842185,171702,0.3681567467743222,0.34947467123271714,0.9492551047745512,18.4963643405435,19,5A,5,mid,3.0
497,19-5B,41.02,border,infarct,sbrt,,,,,,,,,,,,19,5B,5,mid,3.0
498,19-5C,36.25,border,infarct,sbrt,,,,,,,,,,,,19,5C,5,mid,3.0
499,19-5D,4.51,healthy,infarct,sbrt,,,,,,,,,,,,19,5D,5,mid,3.0
500,19-6A,44.94,border,infarct,sbrt,,,,,,,,,,,,19,6A,6,mid,3.0
501,19-6B,0.99,healthy,infarct,sbrt,,,,,,,,,,,,19,6B,6,mid,3.0
502,19-6C,39.52,border,infarct,sbrt,,,,,,,,,,,,19,6C,6,mid,3.0
503,19-7A,32.06,,infarct,sbrt,,,,,,,,,,,,19,7A,7,mid,3.0
504,19-7B,67.07,,infarct,sbrt,,,,,,,,,,,,19,7B,7,mid,3.0
505,19-7C,19.43,,infarct,sbrt,,,,,,,,,,,,19,7C,7,mid,3.0
506,19-7D,2.52,healthy,infarct,sbrt,,,,,,,,,,,,19,7D,7,mid,3.0
507,19-8A,35.21,border,infarct,sbrt,False,539088.0,327072.0,4519463.75,13.81794757729185,0.60671356068026,866160,8.38353617591191,5.217816281056618,0.6223884732612912,13.697193647824882,19,8A,8,mid,3.0
508,19-8B,2.26,healthy,infarct,sbrt,,,,,,,,,,,,19,8B,8,mid,3.0
509,19-8C,34.84,border,infarct,sbrt,,,,,,,,,,,,19,8C,8,mid,3.0
510,19-9A,30.9,border,infarct,sbrt,,,,,,,,,,,,19,9A,9,mid,3.0
511,19-9B,0.63,healthy,infarct,sbrt,,,,,,,,,,,,19,9B,9,mid,3.0
512,19-9C,26.44,border,infarct,sbrt,,,,,,,,,,,,19,9C,9,mid,3.0
513,20-10A,3.25,healthy,control,sbrt,,,,,,,,,,,,20,10A,10,base,3.0
514,20-10B,1.36,healthy,control,sbrt,,,,,,,,,,,,20,10B,10,base,3.0
515,20-11A,5.2,healthy,control,sbrt,,,,,,,,,,,,20,11A,11,base,3.0
516,20-11B,2.63,healthy,control,sbrt,,,,,,,,,,,,20,11B,11,base,3.0
517,20-12A,2.93,healthy,control,sbrt,,,,,,,,,,,,20,12A,12,base,3.0
518,20-12B,1.62,healthy,control,sbrt,,,,,,,,,,,,20,12B,12,base,3.0
519,20-13A,1.99,healthy,control,sbrt,,,,,,,,,,,,20,13A,13,base,3.0
520,20-13B,1.81,healthy,control,sbrt,,,,,,,,,,,,20,13B,13,base,3.0
521,20-14A,2.08,healthy,control,sbrt,,,,,,,,,,,,20,14A,14,base,3.0
522,20-14B,2.19,healthy,control,sbrt,,,,,,,,,,,,20,14B,14,base,3.0
523,20-15A,1.88,healthy,control,sbrt,,,,,,,,,,,,20,15A,15,base,3.0
524,20-15B,3.24,healthy,control,sbrt,,,,,,,,,,,,20,15B,15,base,3.0
525,20-16A,3.2,healthy,control,sbrt,False,143748.0,867479.0,12197512.5,14.0608735197048,6.0347204830675905,1011227,84.85344143918525,12.062091399853841,0.14215205883545434,2.7429318540743077,20,16A,16,base,3.0
526,20-16B,5.25,healthy,control,sbrt,,,,,,,,,,,,20,16B,16,base,3.0
527,20-5A,3.66,healthy,control,sbrt,,,,,,,,,,,,20,5A,5,mid,3.0
528,20-5B,1.59,healthy,control,sbrt,,,,,,,,,,,,20,5B,5,mid,3.0
529,20-6A,4.54,healthy,control,sbrt,,,,,,,,,,,,20,6A,6,mid,3.0
530,20-6B,1.68,healthy,control,sbrt,,,,,,,,,,,,20,6B,6,mid,3.0
531,20-7A,4.0,healthy,control,sbrt,,,,,,,,,,,,20,7A,7,mid,3.0
532,20-7B,1.21,healthy,control,sbrt,,,,,,,,,,,,20,7B,7,mid,3.0
533,20-8A,4.69,healthy,control,sbrt,,,,,,,,,,,,20,8A,8,mid,3.0
534,20-8B,1.59,healthy,control,sbrt,False,387378.0,544666.0,6832770.0,12.544880715888269,1.406032350830455,932044,17.638508123848023,7.330952186806631,0.41562200926136533,7.9444757972799565,20,8B,8,mid,3.0
535,20-9A,3.51,healthy,control,sbrt,,,,,,,,,,,,20,9A,9,mid,3.0
536,20-9B,2.38,healthy,control,sbrt,,,,,,,,,,,,20,9B,9,mid,3.0
537,21-10A,1.84,healthy,control,sbrt,,,,,,,,,,,,21,10A,10,base,3.0
538,21-10B,2.17,healthy,control,sbrt,False,484230.0,573607.0,6882119.75,11.997970300222976,1.184575511637032,1057837,14.212501806992545,6.505841400896357,0.45775483368420655,7.811649857208625,21,10B,10,base,3.0
539,21-11A,1.78,healthy,control,sbrt,False,745814.0,873556.0,11730427.75,13.428363779769128,1.1712786297924147,1619370,15.728355528322075,7.243821825771751,0.4605581182805659,9.53147813655928,21,11A,11,base,3.0
540,21-11B,2.55,healthy,control,sbrt,,,,,,,,,,,,21,11B,11,base,3.0
541,21-12A,2.87,healthy,control,sbrt,,,,,,,,,,,,21,12A,12,base,3.0
542,21-12B,2.34,healthy,control,sbrt,False,678667.0,1142056.0,15144531.75,13.260761074763408,1.6827928866439652,1820723,22.31511440809705,8.31786699569347,0.37274588171841627,7.097609987900411,21,12B,12,base,3.0
543,21-13A,1.53,healthy,control,sbrt,,,,,,,,,,,,21,13A,13,base,3.0
544,21-13B,1.84,healthy,control,sbrt,,,,,,,,,,,,21,13B,13,base,3.0
545,21-14A,3.58,healthy,control,sbrt,,,,,,,,,,,,21,14A,14,base,3.0
546,21-14B,6.57,healthy,control,sbrt,,,,,,,,,,,,21,14B,14,base,3.0
547,21-15A,1.83,healthy,control,sbrt,,,,,,,,,,,,21,15A,15,base,3.0
548,21-15B,3.62,healthy,control,sbrt,,,,,,,,,,,,21,15B,15,base,3.0
549,21-16A,3.97,healthy,control,sbrt,,,,,,,,,,,,21,16A,16,base,3.0
550,21-16B,2.98,healthy,control,sbrt,,,,,,,,,,,,21,16B,16,base,3.0
551,21-17A,1.45,healthy,control,sbrt,,,,,,,,,,,,21,17A,17,base,3.0
552,21-17B,3.06,healthy,control,sbrt,False,621187.0,641042.0,8599806.25,13.415355390130443,1.0319629998696045,1262229,13.84415039271588,6.81319019765827,0.49213494540214175,10.574289609888538,21,17B,17,base,3.0
553,21-6A,4.77,healthy,control,sbrt,,,,,,,,,,,,21,6A,6,mid,3.0
554,21-6B,2.58,healthy,control,sbrt,,,,,,,,,,,,21,6B,6,mid,3.0
555,21-7A,2.86,healthy,control,sbrt,,,,,,,,,,,,21,7A,7,mid,3.0
556,21-7B,1.8,healthy,control,sbrt,,,,,,,,,,,,21,7B,7,mid,3.0
557,21-8A,4.5,healthy,control,sbrt,False,561075.0,1030646.0,13462937.25,13.062620191607982,1.8369130686628348,1591721,23.994897740943724,8.458101168483672,0.352495820561518,6.6270857141421144,21,8A,8,mid,3.0
558,21-8B,3.7,healthy,control,sbrt,,,,,,,,,,,,21,8B,8,mid,3.0
559,21-9A,2.93,healthy,control,sbrt,,,,,,,,,,,,21,9A,9,mid,3.0
560,21-9B,2.7,healthy,control,sbrt,,,,,,,,,,,,21,9B,9,mid,3.0
