,Fibrosis Percentage,scar,annotation_area,expanded_analysis,group,study,location,sample,section,slide_name,subject,total_connexin_area,total_connexin_area_per_cell,total_connexin_count_per_cell,total_connexins,total_connexins_per_annotation_area,total_mean_plaque_size,total_nuclei,total_nuclei_area_per_annotation_area,total_nuclei_count_per_annotation_area
356,52.35,Center,,,radiation,sbrt,apex,1,1,03-01,3,,,,,,,,,
381,46.88,Center,,,radiation,sbrt,base,10A,10,03-10A,3,,,,,,,,,
382,14.51,Border,,,radiation,sbrt,base,10B,10,03-10B,3,,,,,,,,,
383,0.76,Healthy,,,radiation,sbrt,base,10C,10,03-10C,3,,,,,,,,,
384,7.96,Border,,,radiation,sbrt,base,11B,11,03-11B,3,,,,,,,,,
385,2.24,Healthy,,,radiation,sbrt,base,11C,11,03-11C,3,,,,,,,,,
386,7.61,Border,,,radiation,sbrt,base,12A,12,03-12A,3,,,,,,,,,
387,1.47,Healthy,,,radiation,sbrt,base,12B,12,03-12B,3,,,,,,,,,
388,1.4,Healthy,,,radiation,sbrt,base,13B,13,03-13B,3,,,,,,,,,
389,2.96,Healthy,,,radiation,sbrt,base,15A,15,03-15A,3,,,,,,,,,
390,0.68,Healthy,,,radiation,sbrt,base,15B,15,03-15B,3,,,,,,,,,
391,1.46,Healthy,,,radiation,sbrt,base,17A,17,03-17A,3,,,,,,,,,
392,4.21,Healthy,,,radiation,sbrt,base,17B,17,03-17B,3,,,,,,,,,
357,61.09,Center,,,radiation,sbrt,apex,2A,2,03-2A,3,,,,,,,,,
358,42.52,Center,,,radiation,sbrt,apex,3A,3,03-3A,3,,,,,,,,,
359,53.11,Center,,,radiation,sbrt,apex,3B,3,03-3B,3,,,,,,,,,
360,13.29,Healthy,,,radiation,sbrt,apex,3C,3,03-3C,3,,,,,,,,,
361,49.54,Center,,,radiation,sbrt,apex,4A,4,03-4A,3,,,,,,,,,
362,54.03,Center,,,radiation,sbrt,apex,4B,4,03-4B,3,,,,,,,,,
363,15.35,Healthy,,,radiation,sbrt,apex,4C,4,03-4C,3,,,,,,,,,
364,50.14,Center,,,radiation,sbrt,mid,5A,5,03-5A,3,,,,,,,,,
365,70.87,Center,,,radiation,sbrt,mid,5B,5,03-5B,3,,,,,,,,,
366,3.29,Healthy,,,radiation,sbrt,mid,5C,5,03-5C,3,,,,,,,,,
367,42.14,Center,,,radiation,sbrt,mid,6A,6,03-6A,3,,,,,,,,,
368,89.04,Center,,,radiation,sbrt,mid,6B,6,03-6B,3,,,,,,,,,
369,37.97,Center,,,radiation,sbrt,mid,6C,6,03-6C,3,,,,,,,,,
370,4.65,Healthy,,,radiation,sbrt,mid,6D,6,03-6D,3,,,,,,,,,
371,38.79,Center,,,radiation,sbrt,mid,7A,7,03-7A,3,,,,,,,,,
372,68.88,Center,,,radiation,sbrt,mid,7B,7,03-7B,3,,,,,,,,,
373,86.29,Center,,,radiation,sbrt,mid,7C,7,03-7C,3,,,,,,,,,
374,0.51,Healthy,,,radiation,sbrt,mid,7D,7,03-7D,3,,,,,,,,,
375,53.59,Center,,,radiation,sbrt,mid,8B,8,03-8B,3,,,,,,,,,
376,29.11,Border,,,radiation,sbrt,mid,8C,8,03-8C,3,,,,,,,,,
377,0.66,Healthy,,,radiation,sbrt,mid,8D,8,03-8D,3,,,,,,,,,
378,39.16,Center,,,radiation,sbrt,mid,9A,9,03-9A,3,,,,,,,,,
379,49.09,Center,,,radiation,sbrt,mid,9B,9,03-9B,3,,,,,,,,,
380,1.01,Healthy,,,radiation,sbrt,mid,9C,9,03-9C,3,,,,,,,,,
393,80.83,,,,infarct,sbrt,apex,1,1,04-01,4,,,,,,,,,
0,73.08,Center,1205831,FALSE,infarct,sbrt,base,10A,10,04-10A,4,9201353,18.07298251,1.368451962,696709,7.630715249,13.20688121,509122,8.263113778,0.422216712
422,31.31,Border,,,infarct,sbrt,base,10A,10,04-10A,4,,,,,,,,,
1,3.64,Healthy,1345086,FALSE,infarct,sbrt,base,10B,10,04-10B,4,11081212,20.91260318,1.538463281,815204,8.23829257,13.59317668,529882,7.597035245,0.393939124
423,4.43,Healthy,,,infarct,sbrt,base,10B,10,04-10B,4,,,,,,,,,
2,50.49,Center,241420,FALSE,infarct,sbrt,base,10C,10,04-10C,4,1225547.25,8.421905387,0.659027344,95901,5.076411441,12.77929584,145519,7.832276738,0.60276282
424,35.56,Border,,,infarct,sbrt,base,10C,10,04-10C,4,,,,,,,,,
425,41.9,Center,,,infarct,sbrt,base,11A,11,04-11A,4,,,,,,,,,
426,1.78,Healthy,,,infarct,sbrt,base,11B,11,04-11B,4,,,,,,,,,
427,35.79,Border,,,infarct,sbrt,base,11C,11,04-11C,4,,,,,,,,,
3,68.64,Center,381952,FALSE,infarct,sbrt,base,12B,12,04-12B,4,3537016.5,30.22987676,2.264435404,264948,9.260369104,13.34985167,117004,4.127810563,0.306331686
428,0.29,Healthy,,,infarct,sbrt,base,14A,14,04-14A,4,,,,,,,,,
429,1.29,Healthy,,,infarct,sbrt,base,14B,14,04-14B,4,,,,,,,,,
430,8.69,Healthy,,,infarct,sbrt,base,14C,14,04-14C,4,,,,,,,,,
431,1.72,Healthy,,,infarct,sbrt,base,15A,15,04-15A,4,,,,,,,,,
432,1.92,Healthy,,,infarct,sbrt,base,15B,15,04-15B,4,,,,,,,,,
433,0.78,Healthy,,,infarct,sbrt,base,15C,15,04-15C,4,,,,,,,,,
434,1.42,Healthy,,,infarct,sbrt,base,20A,20,04-20A,4,,,,,,,,,
435,0.45,Healthy,,,infarct,sbrt,base,20B,20,04-20B,4,,,,,,,,,
436,0.52,Healthy,,,infarct,sbrt,base,20C,20,04-20C,4,,,,,,,,,
394,88.26,Border,,,infarct,sbrt,apex,2A,2,04-2A,4,,,,,,,,,
395,8.79,Healthy,,,infarct,sbrt,apex,2B,2,04-2B,4,,,,,,,,,
396,49.68,Healthy,,,infarct,sbrt,apex,3D,3,04-3D,4,,,,,,,,,
397,78.38,Center,,,infarct,sbrt,apex,4A,4,04-4A,4,,,,,,,,,
398,85.16,Border,,,infarct,sbrt,apex,4B,4,04-4B,4,,,,,,,,,
399,41.33,Healthy,,,infarct,sbrt,apex,4C,4,04-4C,4,,,,,,,,,
400,1.68,Healthy,,,infarct,sbrt,apex,4D,4,04-4D,4,,,,,,,,,
401,83.17,Center,,,infarct,sbrt,mid,5A,5,04-5A,4,,,,,,,,,
402,79.04,Border,,,infarct,sbrt,mid,5B,5,04-5B,4,,,,,,,,,
403,40.02,Healthy,,,infarct,sbrt,mid,5C,5,04-5C,4,,,,,,,,,
404,48.89,Healthy,,,infarct,sbrt,mid,5D,5,04-5D,4,,,,,,,,,
405,76,Border,,,infarct,sbrt,mid,5E,5,04-5E,4,,,,,,,,,
406,83.2,Center,,,infarct,sbrt,mid,6A,6,04-6A,4,,,,,,,,,
407,84.28,Border,,,infarct,sbrt,mid,6B,6,04-6B,4,,,,,,,,,
408,53.98,Healthy,,,infarct,sbrt,mid,6C,6,04-6C,4,,,,,,,,,
409,8.49,Healthy,,,infarct,sbrt,mid,6D,6,04-6D,4,,,,,,,,,
410,8.58,Healthy,,,infarct,sbrt,mid,6E,6,04-6E,4,,,,,,,,,
411,54.85,Border,,,infarct,sbrt,mid,7A,7,04-7A,4,,,,,,,,,
412,5.99,Healthy,,,infarct,sbrt,mid,7B,7,04-7B,4,,,,,,,,,
413,2.27,Healthy,,,infarct,sbrt,mid,7C,7,04-7C,4,,,,,,,,,
414,32.2,Healthy,,,infarct,sbrt,mid,7D,7,04-7D,4,,,,,,,,,
415,49.12,Border,,,infarct,sbrt,mid,7E,7,04-7E,4,,,,,,,,,
416,40.95,Border,,,infarct,sbrt,mid,8A,8,04-8A,4,,,,,,,,,
417,64.69,Border,,,infarct,sbrt,mid,8B,8,04-8B,4,,,,,,,,,
418,1.16,Healthy,,,infarct,sbrt,mid,8C,8,04-8C,4,,,,,,,,,
419,2.28,Healthy,,,infarct,sbrt,mid,8D,8,04-8D,4,,,,,,,,,
420,48.31,Border,,,infarct,sbrt,mid,9A,9,04-9A,4,,,,,,,,,
421,35.59,Border,,,infarct,sbrt,mid,9C,9,04-9C,4,,,,,,,,,
437,6.95,Border,,,radiation,sbrt,apex,1,1,08-01,8,,,,,,,,,
461,12.66,Border,,,radiation,sbrt,base,10A,10,08-10A,8,,,,,,,,,
462,2.76,Healthy,,,radiation,sbrt,base,10B,10,08-10B,8,,,,,,,,,
463,2.03,Healthy,,,radiation,sbrt,base,11A,11,08-11A,8,,,,,,,,,
464,1.24,Healthy,,,radiation,sbrt,base,11B,11,08-11B,8,,,,,,,,,
465,3.96,Healthy,,,radiation,sbrt,base,13A,13,08-13A,8,,,,,,,,,
466,1.74,Healthy,,,radiation,sbrt,base,13B,13,08-13B,8,,,,,,,,,
467,10.62,Border,,,radiation,sbrt,base,14A,14,08-14A,8,,,,,,,,,
4,4.83,Healthy,2215495,FALSE,radiation,sbrt,base,14B,14,08-14B,8,20515734.5,35.1658719,2.797563931,1632096,9.260113203,12.57017633,583399,4.273087166,0.263326706
468,2.31,Healthy,,,radiation,sbrt,base,14B,14,08-14B,8,,,,,,,,,
469,3.37,Healthy,,,radiation,sbrt,base,15A,15,08-15A,8,,,,,,,,,
470,1.65,Healthy,,,radiation,sbrt,base,15B,15,08-15B,8,,,,,,,,,
5,59.99,Center,1016923,FALSE,radiation,sbrt,apex,2A,2,08-2A,8,8500067.25,22.42874247,1.683308662,637942,8.358614418,13.32420071,378981,8.153575049,0.372674234
438,44.03,Center,,,radiation,sbrt,apex,2A,2,08-2A,8,,,,,,,,,
6,66.55,Center,1041925,FALSE,radiation,sbrt,apex,2B,2,08-2B,8,10811637.75,48.3776814,3.662190582,818441,10.37659884,13.21003927,223484,4.299663363,0.214491446
439,4.16,Healthy,,,radiation,sbrt,apex,2B,2,08-2B,8,,,,,,,,,
440,32.87,Border,,,radiation,sbrt,apex,3A,3,08-3A,8,,,,,,,,,
441,42.8,Border,,,radiation,sbrt,apex,3B,3,08-3B,8,,,,,,,,,
442,3.36,Healthy,,,radiation,sbrt,apex,3C,3,08-3C,8,,,,,,,,,
443,43.97,Border,,,radiation,sbrt,apex,4A,4,08-4A,8,,,,,,,,,
444,39.86,Border,,,radiation,sbrt,apex,4B,4,08-4B,8,,,,,,,,,
445,2.26,Healthy,,,radiation,sbrt,apex,4C,4,08-4C,8,,,,,,,,,
7,2.62,Healthy,460639,FALSE,radiation,sbrt,mid,5A,5,08-5A,8,2307817.5,8.219250166,0.640557443,179857,5.010034973,12.83140217,280782,13.28831308,0.609548909
446,56.74,Center,,,radiation,sbrt,mid,5A,5,08-5A,8,,,,,,,,,
8,59.74,Center,875846,FALSE,radiation,sbrt,mid,5B,5,08-5B,8,6690631.25,19.28030238,1.523913676,528827,7.639049844,12.65183368,347019,8.558195162,0.396210064
447,47.45,Center,,,radiation,sbrt,mid,5B,5,08-5B,8,,,,,,,,,
448,2.87,Healthy,,,radiation,sbrt,mid,5C,5,08-5C,8,,,,,,,,,
449,53.68,Center,,,radiation,sbrt,mid,6A,6,08-6A,8,,,,,,,,,
450,55.27,Center,,,radiation,sbrt,mid,6B,6,08-6B,8,,,,,,,,,
451,2.84,Healthy,,,radiation,sbrt,mid,6C,6,08-6C,8,,,,,,,,,
452,35.89,Center,,,radiation,sbrt,mid,7A,7,08-7A,8,,,,,,,,,
453,45.36,Center,,,radiation,sbrt,mid,7B,7,08-7B,8,,,,,,,,,
454,4.24,Healthy,,,radiation,sbrt,mid,7C,7,08-7C,8,,,,,,,,,
9,65.6,Center,994216,FALSE,radiation,sbrt,mid,8A,8,08-8A,8,7614332,18.3089201,1.390626165,578335,7.658629513,13.16595399,415881,9.685165246,0.41830045
455,40.84,Center,,,radiation,sbrt,mid,8A,8,08-8A,8,,,,,,,,,
10,3.46,Healthy,507302,FALSE,radiation,sbrt,mid,8B,8,08-8B,8,2097240,6.114776706,0.479105135,164323,4.134105523,12.76291207,342979,13.70593552,0.676084463
456,48.27,Center,,,radiation,sbrt,mid,8B,8,08-8B,8,,,,,,,,,
457,1.5,Healthy,,,radiation,sbrt,mid,8C,8,08-8C,8,,,,,,,,,
458,26.13,Border,,,radiation,sbrt,mid,9A,9,08-9A,8,,,,,,,,,
459,45.56,Center,,,radiation,sbrt,mid,9B,9,08-9B,8,,,,,,,,,
460,1.91,Healthy,,,radiation,sbrt,mid,9C,9,08-9C,8,,,,,,,,,
11,45.9,Center,1504861,FALSE,radiation,sbrt,base,15A,15,09-15A,9,15858290,54.853805417483905,4.20531233,1215760,10.53804305,13.04393137,289101,3.32275755,0.192111431
12,49.6,Center,883567,FALSE,radiation,sbrt,apex,2A,2,09-2A,9,7886282,29.58228427,2.314353984,616979,8.925505366,12.78209145,266588,6.0687653,0.301717923
13,31.22,Border,752537,FALSE,radiation,sbrt,apex,2B,2,09-2B,9,7880563.25,46.0458512,3.397046966,581391,10.4719944,13.55467018,171146,4.733364938,0.227425362
14,1.73,Healthy,1035076,FALSE,radiation,sbrt,mid,5A,5,09-5A,9,8666197.25,21.1198615,1.522520678,624742,8.372522646,13.87164181,410334,8.573251143,0.396428861
15,16.82,Border,1149684,FALSE,radiation,sbrt,mid,5B,5,09-5B,9,8677413.25,16.91167302,1.240653905,636582,7.547650702,13.63125764,513102,9.049120454,0.446298287
16,22.85,Border,807968,FALSE,radiation,sbrt,mid,8A,8,09-8A,9,4469623.75,9.503367388,0.717911209,337648,5.531931648,13.23752473,470320,12.00952049,0.582102261
17,21.32,Border,869789,FALSE,radiation,sbrt,mid,8C,8,09-8C,9,6436531.25,18.60763917,1.514509638,523881,7.40010652,12.28624678,345908,7.914270875,0.397691854
18,2.5,Healthy,2462346,FALSE,radiation,sbrt,base,16A,16,10-16A,10,20727502.25,26.0249285,2.091659468,1665898,8.417786229,12.44223971,796448,5.00663077,0.323450888
19,13.13,Border,664212,FALSE,radiation,sbrt,apex,2A,2,10-2A,10,3659597.75,10.19290025,0.849997493,305178,5.509683279,11.99168272,359034,11.24758624,0.540541273
20,18.76,Border,1040437,FALSE,radiation,sbrt,apex,2B,2,10-2B,10,8493465,22.82649535,1.796212186,668349,8.163363087,12.70812854,372088,6.745240702,0.357626651
21,1.99,Healthy,621525,FALSE,radiation,sbrt,mid,5A,5,10-5A,10,4874532.75,18.48388335,1.356778832,357807,7.842858694,13.6233577,263718,9.167949399,0.424307952
22,37.62,Border,493435,FALSE,radiation,sbrt,mid,5B,5,10-5B,10,1385894.25,3.577997124,0.273913223,106097,2.808666288,13.06252062,387338,16.67083962,0.784982824
23,25.86,Border,596869,FALSE,radiation,sbrt,mid,5C,5,10-5C,10,3761084.25,12.02938754,0.909015602,284211,6.301356328,13.23342253,312658,11.12822663,0.523830187
24,2.26,Healthy,626855,FALSE,radiation,sbrt,mid,8A,8,10-8A,10,1970949,4.261843084,0.355467669,164391,3.144186455,11.98939723,462464,15.40237655,0.73775275
25,6.03,Healthy,559870,FALSE,radiation,sbrt,mid,8B,8,10-8B,10,1775767,4.350663955,0.371692474,151710,3.171748799,11.70500956,408160,15.25846179,0.729026381
26,1.81,Healthy,971249,FALSE,radiation,sbrt,mid,8C,8,10-8C,10,3688018,5.434272588,0.431129625,292590,3.79719104,12.60473017,678659,14.48198505,0.698748725
101,22.9,Border,,,infarct,sbrt,base,10A,10,11-10A,11,,,,,,,,,
102,21.23,Border,,,infarct,sbrt,base,10B,10,11-10B,11,,,,,,,,,
103,17.1,Border,,,infarct,sbrt,base,10C,10,11-10C,11,,,,,,,,,
104,2.07,Healthy,,,infarct,sbrt,base,10D,10,11-10D,11,,,,,,,,,
105,46.16,Border,,,infarct,sbrt,base,11A,11,11-11A,11,,,,,,,,,
106,39.69,Border,,,infarct,sbrt,base,11B,11,11-11B,11,,,,,,,,,
107,9.54,Healthy,,,infarct,sbrt,base,11C,11,11-11C,11,,,,,,,,,
108,3.82,Healthy,,,infarct,sbrt,base,11D,11,11-11D,11,,,,,,,,,
109,11.47,Border,,,infarct,sbrt,base,12A,12,11-12A,11,,,,,,,,,
110,25.66,Border,,,infarct,sbrt,base,12B,12,11-12B,11,,,,,,,,,
111,3.14,Healthy,,,infarct,sbrt,base,12C,12,11-12C,11,,,,,,,,,
112,12.06,Border,,,infarct,sbrt,base,13A,13,11-13A,11,,,,,,,,,
113,2.54,Healthy,,,infarct,sbrt,base,13B,13,11-13B,11,,,,,,,,,
114,6.24,Healthy,,,infarct,sbrt,base,14A,14,11-14A,11,,,,,,,,,
115,3.18,Healthy,,,infarct,sbrt,base,14B,14,11-14B,11,,,,,,,,,
27,1.65,Healthy,2499606,FALSE,infarct,sbrt,base,18A,18,11-18A,11,25748632.25,58.83411383,4.71145304,2061958,10.30107635,12.48746689,437648,2.642465253,0.175086794
116,2.35,Healthy,,,infarct,sbrt,base,18A,18,11-18A,11,,,,,,,,,
117,3.71,Healthy,,,infarct,sbrt,base,18B,18,11-18B,11,,,,,,,,,
118,3.01,Healthy,,,infarct,sbrt,base,22A,22,11-22A,11,,,,,,,,,
119,2.78,Healthy,,,infarct,sbrt,base,22B,22,11-22B,11,,,,,,,,,
28,1.82,Healthy,1040818,FALSE,infarct,sbrt,apex,2A,2,11-2A,11,7619262,17.13930748,1.341289712,596269,7.320455642,12.77822929,444549,7.595988924,0.427115019
29,3.3,Healthy,1095743,FALSE,infarct,sbrt,apex,2B,2,11-2B,11,14747404.5,12.70557972,0.931545796,1081248,13.45881699,13.63924326,1160703,20.85721469,1.059283974
79,16.08,Border,,,infarct,sbrt,apex,4D,4,11-4D,11,,,,,,,,,
80,37.64,Border,,,infarct,sbrt,apex,4E,4,11-4E,11,,,,,,,,,
30,2.41,Healthy,923959,FALSE,infarct,sbrt,mid,5A,5,11-5A,11,6127844.25,12.83543964,0.935333127,446543,6.632160356,13.72285368,477416,11.9504675,0.51670691
81,71.15,Center,,,infarct,sbrt,mid,5A,5,11-5A,11,,,,,,,,,
31,10.45,Border,1248154,FALSE,infarct,sbrt,mid,5B,5,11-5B,11,8749820.5,14.76638302,1.12468513,661695,7.05641912,13.22334384,588338,9.586562636,0.477870519
82,57.88,Border,,,infarct,sbrt,mid,5B,5,11-5B,11,,,,,,,,,
83,18.36,Border,,,infarct,sbrt,mid,5C,5,11-5C,11,,,,,,,,,
84,45.12,Border,,,infarct,sbrt,mid,5D,5,11-5D,11,,,,,,,,,
85,37.21,Border,,,infarct,sbrt,mid,6A,6,11-6A,11,,,,,,,,,
86,17.06,Border,,,infarct,sbrt,mid,6B,6,11-6B,11,,,,,,,,,
87,3.85,Healthy,,,infarct,sbrt,mid,6C,6,11-6C,11,,,,,,,,,
88,22.47,Border,,,infarct,sbrt,mid,6D,6,11-6D,11,,,,,,,,,
89,46.37,Center,,,infarct,sbrt,mid,7A,7,11-7A,11,,,,,,,,,
90,13.87,Border,,,infarct,sbrt,mid,7B,7,11-7B,11,,,,,,,,,
91,2.16,Healthy,,,infarct,sbrt,mid,7C,7,11-7C,11,,,,,,,,,
92,22.64,Border,,,infarct,sbrt,mid,7D,7,11-7D,11,,,,,,,,,
32,6.82,Healthy,765769,FALSE,infarct,sbrt,mid,8A,8,11-8A,11,5502782.25,15.97171316,1.222628892,421236,7.185955882,13.06341872,344533,8.607484437,0.449917664
93,24.25,Border,,,infarct,sbrt,mid,8A,8,11-8A,11,,,,,,,,,
33,47.41,Center,749268,FALSE,infarct,sbrt,mid,8B,8,11-8B,11,5483105.5,17.03748454,1.328177338,427442,7.317949652,12.82771815,321826,7.349813418,0.429520545
94,25.39,Border,,,infarct,sbrt,mid,8B,8,11-8B,11,,,,,,,,,
95,2.3,Healthy,,,infarct,sbrt,mid,8C,8,11-8C,11,,,,,,,,,
96,8.49,Border,,,infarct,sbrt,mid,8D,8,11-8D,11,,,,,,,,,
97,30.89,Border,,,infarct,sbrt,mid,9A,9,11-9A,11,,,,,,,,,
98,43.2,Border,,,infarct,sbrt,mid,9B,9,11-9B,11,,,,,,,,,
99,3.11,Healthy,,,infarct,sbrt,mid,9C,9,11-9C,11,,,,,,,,,
100,22.53,Border,,,infarct,sbrt,mid,9D,9,11-9D,11,,,,,,,,,
151,29.09,Border,,,infarct,sbrt,base,10A,10,12-10A,12,,,,,,,,,
34,33.05,Center,2563207,FALSE,infarct,sbrt,base,14A,14,12-14A,12,27495311.25,72.57562234,5.779872654,2190381,10.70190205,12.55275281,378967,2.363999669,0.147458633
152,10.86,Healthy,,,infarct,sbrt,base,14A,14,12-14A,12,,,,,,,,,
153,2.79,Healthy,,,infarct,sbrt,base,14B,14,12-14B,12,,,,,,,,,
120,42.62,Center,,,infarct,sbrt,apex,1A,1,12-1A,12,,,,,,,,,
35,6.46,Healthy,279599,FALSE,infarct,sbrt,apex,2A,2,12-2A,12,1384852.5,7.519424988,0.518157137,95429,4.952995182,14.51186222,184170,14.39537159,0.658693343
121,44.34,Center,,,infarct,sbrt,apex,2A,2,12-2A,12,,,,,,,,,
36,31.03,Border,971250,FALSE,infarct,sbrt,apex,2B,2,12-2B,12,7836084.75,22.2683102,1.76006411,619356,8.068040927,12.65198811,351894,6.848213127,0.362310425
122,40.38,Center,,,infarct,sbrt,apex,2B,2,12-2B,12,,,,,,,,,
123,22.9,Healthy,,,infarct,sbrt,apex,2C,2,12-2C,12,,,,,,,,,
124,47.09,Center,,,infarct,sbrt,apex,3A,3,12-3A,12,,,,,,,,,
125,44.97,Center,,,infarct,sbrt,apex,3B,3,12-3B,12,,,,,,,,,
126,34.91,Border,,,infarct,sbrt,apex,3C,3,12-3C,12,,,,,,,,,
127,19.57,Healthy,,,infarct,sbrt,apex,3D,3,12-3D,12,,,,,,,,,
128,46.89,Center,,,infarct,sbrt,apex,4A,4,12-4A,12,,,,,,,,,
129,45.49,Center,,,infarct,sbrt,apex,4B,4,12-4B,12,,,,,,,,,
130,32.98,Border,,,infarct,sbrt,apex,4C,4,12-4C,12,,,,,,,,,
131,18.97,Healthy,,,infarct,sbrt,apex,4D,4,12-4D,12,,,,,,,,,
132,24.37,Border,,,infarct,sbrt,mid,5A,5,12-5A,12,,,,,,,,,
37,23.72,Border,1105740,FALSE,infarct,sbrt,mid,5B,5,12-5B,12,13267584,13.6879689,1.05911143,1026584,11.99882793,12.92401206,969288,15.60128376,0.876596668
133,37.4,Border,,,infarct,sbrt,mid,5B,5,12-5B,12,,,,,,,,,
38,12.33,Healthy,728482,FALSE,infarct,sbrt,mid,5C,5,12-5C,12,4865785.5,13.27943861,0.988133674,362067,6.679348975,13.4389091,366415,9.728775042,0.502984288
134,40.87,Border,,,infarct,sbrt,mid,5C,5,12-5C,12,,,,,,,,,
135,22.17,Healthy,,,infarct,sbrt,mid,5D,5,12-5D,12,,,,,,,,,
136,45.99,Center,,,infarct,sbrt,mid,6A,6,12-6A,12,,,,,,,,,
137,37.49,Border,,,infarct,sbrt,mid,6B,6,12-6B,12,,,,,,,,,
138,16.91,Healthy,,,infarct,sbrt,mid,6C,6,12-6C,12,,,,,,,,,
139,33.22,Border,,,infarct,sbrt,mid,6D,6,12-6D,12,,,,,,,,,
140,39.49,Border,,,infarct,sbrt,mid,7A,7,12-7A,12,,,,,,,,,
141,43.34,Center,,,infarct,sbrt,mid,7B,7,12-7B,12,,,,,,,,,
142,32.89,Border,,,infarct,sbrt,mid,7C,7,12-7C,12,,,,,,,,,
143,4.18,Healthy,,,infarct,sbrt,mid,7D,7,12-7D,12,,,,,,,,,
39,13.8,Border,1628217,FALSE,infarct,sbrt,mid,8A,8,12-8A,12,10948207,14.4074502,1.14267554,868318,6.72404661,12.60852245,759899,7.983791012,0.466706219
144,28.92,Border,,,infarct,sbrt,mid,8A,8,12-8A,12,,,,,,,,,
40,62.89,Center,773621,FALSE,infarct,sbrt,mid,8B,8,12-8B,12,3432657.75,6.863256523,0.546777967,273471,4.437131037,12.55218195,500150,13.45698023,0.646505201
145,38.01,Border,,,infarct,sbrt,mid,8B,8,12-8B,12,,,,,,,,,
41,48.37,Border,1014814,FALSE,infarct,sbrt,mid,8C,8,12-8C,12,5879800.25,10.94488514,0.889013605,477595,5.793968402,12.31126844,537219,9.453904361,0.529376812
146,25,Border,,,infarct,sbrt,mid,8C,8,12-8C,12,,,,,,,,,
147,4.06,Border,,,infarct,sbrt,mid,8D,8,12-8D,12,,,,,,,,,
148,32.97,Border,,,infarct,sbrt,mid,9A,9,12-9A,12,,,,,,,,,
149,36.99,Border,,,infarct,sbrt,mid,9B,9,12-9B,12,,,,,,,,,
150,3.05,Healthy,,,infarct,sbrt,mid,9C,9,12-9C,12,,,,,,,,,
154,2.88,Healthy,,,infarct,sbrt,mid,1,,13-1,13,,,,,,,,,
177,9.07,Border,,,infarct,sbrt,base,11A,11,13-11A,13,,,,,,,,,
178,0.73,Healthy,,,infarct,sbrt,base,11B,11,13-11B,13,,,,,,,,,
179,0.71,Healthy,,,infarct,sbrt,base,12A,12,13-12A,13,,,,,,,,,
180,1.63,Healthy,,,infarct,sbrt,base,12B,12,13-12B,13,,,,,,,,,
42,15.25,Healthy,2320848,FALSE,infarct,sbrt,base,14A,14,13-14A,13,23557651.75,50.37011991,3.962353349,1853157,10.15045007,12.71217266,467691,3.096159572,0.20151729
181,1.34,Healthy,,,infarct,sbrt,base,14A,14,13-14A,13,,,,,,,,,
182,3.95,Healthy,,,infarct,sbrt,base,14B,14,13-14B,13,,,,,,,,,
43,37.56,Border,1954722,FALSE,infarct,sbrt,apex,2A,2,13-2A,13,17639156,25.35873545,1.810184233,1259137,9.023869379,14.00892516,695585,5.660918023,0.355848555
155,6.04,Border,,,infarct,sbrt,apex,2A,2,13-2A,13,,,,,,,,,
156,0.97,Healthy,,,infarct,sbrt,apex,2B,2,13-2B,13,,,,,,,,,
157,23.99,Border,,,infarct,sbrt,apex,3A,3,13-3A,13,,,,,,,,,
158,1.05,Healthy,,,infarct,sbrt,apex,3C,3,13-3C,13,,,,,,,,,
159,32.59,Border,,,infarct,sbrt,apex,4A,4,13-4A,13,,,,,,,,,
160,21.1,Border,,,infarct,sbrt,apex,4B,4,13-4B,13,,,,,,,,,
161,1.25,Healthy,,,infarct,sbrt,apex,4C,4,13-4C,13,,,,,,,,,
44,80.67,Center,1004471,FALSE,infarct,sbrt,mid,5A,5,13-5A,13,4410449,6.806700136,0.550212437,356514,4.390817654,12.37104013,647957,12.77238442,0.645072879
162,23.74,Border,,,infarct,sbrt,mid,5A,5,13-5A,13,,,,,,,,,
45,56.69,Border,1158080,FALSE,infarct,sbrt,mid,5B,5,13-5B,13,7634932,13.28056776,1.014420025,583185,6.592750069,13.09178391,574895,10.2540103,0.4964208
163,20.46,Border,,,infarct,sbrt,mid,5B,5,13-5B,13,,,,,,,,,
164,0.81,Healthy,,,infarct,sbrt,mid,5C,5,13-5C,13,,,,,,,,,
165,20.13,Border,,,infarct,sbrt,mid,6A,6,13-6A,13,,,,,,,,,
166,33.77,Border,,,infarct,sbrt,mid,6B,6,13-6B,13,,,,,,,,,
167,0.51,Healthy,,,infarct,sbrt,mid,6C,6,13-6C,13,,,,,,,,,
168,29.99,Border,,,infarct,sbrt,mid,7A,7,13-7A,13,,,,,,,,,
169,31.02,Border,,,infarct,sbrt,mid,7B,7,13-7B,13,,,,,,,,,
170,0.58,Healthy,,,infarct,sbrt,mid,7C,7,13-7C,13,,,,,,,,,
46,25.96,Border,1013398,FALSE,infarct,sbrt,mid,8A,8,13-8A,13,5052889.25,8.211927383,0.646968769,398087,4.986085674,12.69292705,615311,11.6534333,0.607176055
171,4.78,Border,,,infarct,sbrt,mid,8A,8,13-8A,13,,,,,,,,,
47,44.57,Border,695712,FALSE,infarct,sbrt,mid,8B,8,13-8B,13,3222421.5,7.472766927,0.613349968,264490,4.631832569,12.18352868,431222,12.32506662,0.61982832
172,36.64,Border,,,infarct,sbrt,mid,8B,8,13-8B,13,,,,,,,,,
173,0.86,Healthy,,,infarct,sbrt,mid,8C,8,13-8C,13,,,,,,,,,
174,7.79,Border,,,infarct,sbrt,mid,9A,9,13-9A,13,,,,,,,,,
175,38.59,Border,,,infarct,sbrt,mid,9B,9,13-9B,13,,,,,,,,,
176,1.04,Healthy,,,infarct,sbrt,mid,9C,9,13-9C,13,,,,,,,,,
219,15.49,,,,infarct,sbrt,base,10A,10,14-10A,14,,,,,,,,,
220,35.66,,,,infarct,sbrt,base,10B,10,14-10B,14,,,,,,,,,
221,20.46,,,,infarct,sbrt,base,10C,10,14-10C,14,,,,,,,,,
222,0.95,,,,infarct,sbrt,base,10D,10,14-10D,14,,,,,,,,,
223,21.8,Border,,,infarct,sbrt,base,11A,11,14-11A,14,,,,,,,,,
224,26.35,Border,,,infarct,sbrt,base,11B,11,14-11B,14,,,,,,,,,
225,11.68,Border,,,infarct,sbrt,base,11C,11,14-11C,14,,,,,,,,,
226,1.68,Healthy,,,infarct,sbrt,base,11D,11,14-11D,14,,,,,,,,,
227,31.19,Border,,,infarct,sbrt,base,12A,12,14-12A,14,,,,,,,,,
228,11.53,Border,,,infarct,sbrt,base,12B,12,14-12B,14,,,,,,,,,
229,3.7,Healthy,,,infarct,sbrt,base,12C,12,14-12C,14,,,,,,,,,
230,1.29,Healthy,,,infarct,sbrt,base,12D,12,14-12D,14,,,,,,,,,
231,18.87,Border,,,infarct,sbrt,base,13A,13,14-13A,14,,,,,,,,,
232,7.8,Border,,,infarct,sbrt,base,13B,13,14-13B,14,,,,,,,,,
233,1.51,Healthy,,,infarct,sbrt,base,13C,13,14-13C,14,,,,,,,,,
234,5.84,Healthy,,,infarct,sbrt,base,14A,14,14-14A,14,,,,,,,,,
235,2.67,Healthy,,,infarct,sbrt,base,14B,14,14-14B,14,,,,,,,,,
236,1.18,Healthy,,,infarct,sbrt,base,14C,14,14-14C,14,,,,,,,,,
237,1.15,Healthy,,,infarct,sbrt,base,15A,15,14-15A,14,,,,,,,,,
238,1.54,Healthy,,,infarct,sbrt,base,15B,15,14-15B,14,,,,,,,,,
239,2.08,Healthy,,,infarct,sbrt,base,15C,15,14-15C,14,,,,,,,,,
240,0.9,Healthy,,,infarct,sbrt,base,16A,16,14-16A,14,,,,,,,,,
241,1.56,Healthy,,,infarct,sbrt,base,16B,16,14-16B,14,,,,,,,,,
242,1.92,Healthy,,,infarct,sbrt,base,19A,19,14-19A,14,,,,,,,,,
243,1.1,Healthy,,,infarct,sbrt,base,19B,19,14-19B,14,,,,,,,,,
183,43.3,Center,,,infarct,sbrt,apex,1A,1,14-1A,14,,,,,,,,,
184,3.24,Healthy,,,infarct,sbrt,apex,1B,1,14-1B,14,,,,,,,,,
244,3.01,Healthy,,,infarct,sbrt,base,22A,22,14-22A,14,,,,,,,,,
245,0.85,Healthy,,,infarct,sbrt,base,22B,22,14-22B,14,,,,,,,,,
48,73.56,Center,677198,FALSE,infarct,sbrt,apex,2A,2,14-2A,14,2487564.75,4.98497982,0.357077585,178186,3.673319694,13.96049493,499012,17.59821574,0.736877545
185,45.85,Center,,,infarct,sbrt,apex,2A,2,14-2A,14,,,,,,,,,
49,33.85,Border,794593,FALSE,infarct,sbrt,apex,2B,2,14-2B,14,5066364.75,12.32008703,0.9322444,383365,6.376050066,13.21551198,411228,11.61025833,0.517532875
186,10.94,Border,,,infarct,sbrt,apex,2B,2,14-2B,14,,,,,,,,,
187,1.94,Healthy,,,infarct,sbrt,apex,2C,2,14-2C,14,,,,,,,,,
188,3.41,Healthy,,,infarct,sbrt,apex,2D,2,14-2D,14,,,,,,,,,
189,37.8,Border,,,infarct,sbrt,apex,3A,3,14-3A,14,,,,,,,,,
190,63.42,Center,,,infarct,sbrt,apex,3B,3,14-3B,14,,,,,,,,,
191,15.91,Border,,,infarct,sbrt,apex,3C,3,14-3C,14,,,,,,,,,
192,3.61,Healthy,,,infarct,sbrt,apex,3D,3,14-3D,14,,,,,,,,,
193,2.45,Healthy,,,infarct,sbrt,apex,3E,3,14-3E,14,,,,,,,,,
194,23.04,Border,,,infarct,sbrt,apex,4A,4,14-4A,14,,,,,,,,,
195,58.72,Center,,,infarct,sbrt,apex,4B,4,14-4B,14,,,,,,,,,
196,25.5,Border,,,infarct,sbrt,apex,4C,4,14-4C,14,,,,,,,,,
197,3.97,Healthy,,,infarct,sbrt,apex,4D,4,14-4D,14,,,,,,,,,
198,1.91,Healthy,,,infarct,sbrt,apex,4E,4,14-4E,14,,,,,,,,,
199,16.41,Border,,,infarct,sbrt,mid,5A,5,14-5A,14,,,,,,,,,
50,5.63,Healthy,526260,FALSE,infarct,sbrt,mid,5B,5,14-5B,14,2101433.25,5.710447475,0.43006212,158262,3.993146449,13.27819218,367998,14.09082773,0.699270323
200,34.03,Border,,,infarct,sbrt,mid,5B,5,14-5B,14,,,,,,,,,
201,25.08,Border,,,infarct,sbrt,mid,5C,5,14-5C,14,,,,,,,,,
202,1.07,Healthy,,,infarct,sbrt,mid,5D,5,14-5D,14,,,,,,,,,
203,17.15,Border,,,infarct,sbrt,mid,6A,6,14-6A,14,,,,,,,,,
204,39.54,Border,,,infarct,sbrt,mid,6B,6,14-6B,14,,,,,,,,,
205,31.92,Border,,,infarct,sbrt,mid,6C,6,14-6C,14,,,,,,,,,
206,0.93,Healthy,,,infarct,sbrt,mid,6D,6,14-6D,14,,,,,,,,,
207,29.58,Border,,,infarct,sbrt,mid,7A,7,14-7A,14,,,,,,,,,
208,25.63,Border,,,infarct,sbrt,mid,7B,7,14-7B,14,,,,,,,,,
209,21.58,Border,,,infarct,sbrt,mid,7C,7,14-7C,14,,,,,,,,,
210,0.73,Healthy,,,infarct,sbrt,mid,7D,7,14-7D,14,,,,,,,,,
51,36.87,Border,575473,FALSE,infarct,sbrt,mid,8A,8,14-8A,14,2333774,5.935380992,0.463574239,182276,4.055401383,12.80351774,393197,12.07288743,0.683258815
211,23.31,Border,,,infarct,sbrt,mid,8A,8,14-8A,14,,,,,,,,,
52,63.84,Center,565438,FALSE,infarct,sbrt,mid,8B,8,14-8B,14,2438240,6.552030849,0.519443213,193303,4.312126175,12.61356523,372135,12.39086646,0.658135817
212,24.28,Border,,,infarct,sbrt,mid,8B,8,14-8B,14,,,,,,,,,
213,18.99,Border,,,infarct,sbrt,mid,8C,8,14-8C,14,,,,,,,,,
214,0.92,Healthy,,,infarct,sbrt,mid,8D,8,14-8D,14,,,,,,,,,
215,32.22,,,,infarct,sbrt,mid,9A,9,14-9A,14,,,,,,,,,
216,29.39,,,,infarct,sbrt,mid,9B,9,14-9B,14,,,,,,,,,
217,19.72,,,,infarct,sbrt,mid,9C,9,14-9C,14,,,,,,,,,
218,1.84,Healthy,,,infarct,sbrt,mid,9D,9,14-9D,14,,,,,,,,,
246,37.65,Border,,,infarct,sbrt,apex,1A,1,15-1A,15,,,,,,,,,
247,15.17,Border,,,infarct,sbrt,apex,1B,1,15-1B,15,,,,,,,,,
53,49.38,Border,960942,FALSE,infarct,sbrt,apex,2A,2,15-2A,15,3893068,5.920448687,0.461368721,303379,4.051303825,12.83235821,657563,17.09030722,0.684289999
248,45.94,Center,,,infarct,sbrt,apex,2A,2,15-2A,15,,,,,,,,,
54,3.95,Healthy,761299,FALSE,infarct,sbrt,apex,2B,2,15-2B,15,3341191.5,6.489565043,0.478663937,246443,4.388803217,13.55766445,514856,17.89984421,0.67628619
249,42.5,Border,,,infarct,sbrt,apex,2B,2,15-2B,15,,,,,,,,,
250,8.39,Healthy,,,infarct,sbrt,apex,2C,2,15-2C,15,,,,,,,,,
251,25.93,Border,,,infarct,sbrt,apex,3A,3,15-3A,15,,,,,,,,,
252,63.43,Center,,,infarct,sbrt,apex,3B,3,15-3B,15,,,,,,,,,
253,26.75,Border,,,infarct,sbrt,apex,3B,3,15-3B,15,,,,,,,,,
254,4.55,Healthy,,,infarct,sbrt,apex,3D,3,15-3D,15,,,,,,,,,
255,27.68,Border,,,infarct,sbrt,apex,4A,4,15-4A,15,,,,,,,,,
256,66.98,Center,,,infarct,sbrt,apex,4B,4,15-4B,15,,,,,,,,,
257,48.76,center,,,infarct,sbrt,apex,4C,4,15-4C,15,,,,,,,,,
258,4.7,Healthy,,,infarct,sbrt,apex,4D,4,15-4D,15,,,,,,,,,
55,45.51,Border,895526,FALSE,infarct,sbrt,mid,5A,5,15-5A,15,6232124.5,14.53275401,1.088286116,466693,6.959177623,13.35379896,428833,10.75971664,0.478861585
259,20,Border,,,infarct,sbrt,mid,5A,5,15-5A,15,,,,,,,,,
56,52.11,Border,660408,FALSE,infarct,sbrt,mid,5B,5,15-5B,15,1962036.75,3.666529159,0.234128356,125287,2.97094637,15.66033786,535121,21.9647131,0.810288488
260,74.84,Center,,,infarct,sbrt,mid,5B,5,15-5B,15,,,,,,,,,
261,71.21,Center,,,infarct,sbrt,mid,5C,5,15-5C,15,,,,,,,,,
262,48.21,Border,,,infarct,sbrt,mid,5D,5,15-5D,15,,,,,,,,,
263,2.67,Healthy,,,infarct,sbrt,mid,5E,5,15-5E,15,,,,,,,,,
264,25.43,Border,,,infarct,sbrt,mid,6A,6,15-6A,15,,,,,,,,,
265,82.18,Center,,,infarct,sbrt,mid,6B,6,15-6B,15,,,,,,,,,
57,3.44,Healthy,481918,FALSE,infarct,sbrt,mid,8B,8,15-8B,15,1514124.25,4.157386306,0.32321987,117717,3.141871127,12.86240942,364201,16.65705836,0.755732303
565,3.52,Healthy,,,control,sbrt,base,10A,10,16-10A,16,,,,,,,,,
566,4.49,Healthy,,,control,sbrt,base,10B,10,16-10B,16,,,,,,,,,
567,5,Healthy,,,control,sbrt,base,11B,11,16-11B,16,,,,,,,,,
568,3.07,Healthy,,,control,sbrt,base,12A,12,16-12A,16,,,,,,,,,
569,3.75,Healthy,,,control,sbrt,base,12B,12,16-12B,16,,,,,,,,,
58,6.49,Healthy,1661425,FALSE,control,sbrt,base,13A,13,16-13A,16,11913199.75,15.28516922,1.131682739,882029,7.170470981,13.5065851,779396,9.125613555,0.46911296
570,0.63,Healthy,,,control,sbrt,base,13A,13,16-13A,16,,,,,,,,,
571,0.57,Healthy,,,control,sbrt,base,13B,13,16-13B,16,,,,,,,,,
572,1.6,Healthy,,,control,sbrt,base,14A,14,16-14A,16,,,,,,,,,
573,4.87,Healthy,,,control,sbrt,base,14B,14,16-14B,16,,,,,,,,,
59,2.37,Healthy,1393520,FALSE,control,sbrt,apex,4A,4,16-4A,16,11962197,21.88381572,1.549325586,846897,8.584158821,14.12473654,546623,8.785684095,0.392260606
553,3.2,Healthy,,,control,sbrt,apex,4A,4,16-4A,16,,,,,,,,,
554,8.06,Healthy,,,control,sbrt,apex,4B,4,16-4B,16,,,,,,,,,
555,5.45,Healthy,,,control,sbrt,mid,5A,5,16-5A,16,,,,,,,,,
556,6.25,Healthy,,,control,sbrt,mid,5B,5,16-5B,16,,,,,,,,,
557,1.05,Healthy,,,control,sbrt,mid,6A,6,16-6A,16,,,,,,,,,
558,5.87,Healthy,,,control,sbrt,mid,6B,6,16-6B,16,,,,,,,,,
559,3.65,Healthy,,,control,sbrt,mid,7A,7,16-7A,16,,,,,,,,,
560,5.28,Healthy,,,control,sbrt,mid,7B,7,16-7B,16,,,,,,,,,
561,3.9,Healthy,,,control,sbrt,mid,8A,8,16-8A,16,,,,,,,,,
562,4.71,Healthy,,,control,sbrt,mid,8B,8,16-8B,16,,,,,,,,,
563,4.61,Healthy,,,control,sbrt,mid,9A,9,16-9A,16,,,,,,,,,
564,0.97,Healthy,,,control,sbrt,mid,9B,9,16-9B,16,,,,,,,,,
527,3.34,Healthy,,,control,sbrt,base,10A,10,17-10A,17,,,,,,,,,
546,3.34,Healthy,,,control,sbrt,base,10A,10,17-10A,17,,,,,,,,,
528,2.76,Healthy,,,control,sbrt,base,10B,10,17-10B,17,,,,,,,,,
547,2.76,Healthy,,,control,sbrt,base,10B,10,17-10B,17,,,,,,,,,
529,1.62,Healthy,,,control,sbrt,base,11A,11,17-11A,17,,,,,,,,,
548,1.62,Healthy,,,control,sbrt,base,11A,11,17-11A,17,,,,,,,,,
60,6.19,Healthy,1870282,FALSE,control,sbrt,base,11B,11,17-11B,17,17114883.25,30.63477559,2.347710207,1311607,9.150963999,13.0487892,558675,6.440999806,0.298711638
530,0.42,Healthy,,,control,sbrt,base,12A,12,17-12A,17,,,,,,,,,
549,0.42,Healthy,,,control,sbrt,base,12A,12,17-12A,17,,,,,,,,,
61,4.72,Healthy,1471013,FALSE,control,sbrt,base,12B,12,17-12B,17,13697581,32.89066605,2.532200126,1054555,9.311665499,12.98896786,416458,6.510013338,0.283109667
531,4.72,Healthy,,,control,sbrt,base,12B,12,17-12B,17,,,,,,,,,
550,4.72,Healthy,,,control,sbrt,base,12B,12,17-12B,17,,,,,,,,,
532,0.77,Healthy,,,control,sbrt,base,13A,13,17-13A,17,,,,,,,,,
551,0.77,Healthy,,,control,sbrt,base,13A,13,17-13A,17,,,,,,,,,
62,2.25,Healthy,1813489,FALSE,control,sbrt,base,13B,13,17-13B,17,16769612.25,33.40387201,2.612340795,1311463,9.247154105,12.78695034,502026,5.977498485,0.276828809
533,1.24,Healthy,,,control,sbrt,base,13B,13,17-13B,17,,,,,,,,,
552,1.24,Healthy,,,control,sbrt,base,13B,13,17-13B,17,,,,,,,,,
515,3.56,Healthy,,,control,sbrt,apex,4A,4,17-4A,17,,,,,,,,,
534,3.56,Healthy,,,control,sbrt,apex,4A,4,17-4A,17,,,,,,,,,
516,2.97,Healthy,,,control,sbrt,apex,4B,4,17-4B,17,,,,,,,,,
535,2.97,Healthy,,,control,sbrt,apex,4B,4,17-4B,17,,,,,,,,,
517,5.03,Healthy,,,control,sbrt,mid,5A,5,17-5A,17,,,,,,,,,
536,5.03,Healthy,,,control,sbrt,mid,5A,5,17-5A,17,,,,,,,,,
518,3.69,Healthy,,,control,sbrt,mid,5B,5,17-5B,17,,,,,,,,,
537,3.69,Healthy,,,control,sbrt,mid,5B,5,17-5B,17,,,,,,,,,
519,5.39,Healthy,,,control,sbrt,mid,6A,6,17-6A,17,,,,,,,,,
538,5.39,Healthy,,,control,sbrt,mid,6A,6,17-6A,17,,,,,,,,,
520,3.44,Healthy,,,control,sbrt,mid,6B,6,17-6B,17,,,,,,,,,
539,3.44,Healthy,,,control,sbrt,mid,6B,6,17-6B,17,,,,,,,,,
521,6.02,Healthy,,,control,sbrt,mid,7A,7,17-7A,17,,,,,,,,,
540,6.02,Healthy,,,control,sbrt,mid,7A,7,17-7A,17,,,,,,,,,
522,4.88,Healthy,,,control,sbrt,mid,7B,7,17-7B,17,,,,,,,,,
541,4.88,Healthy,,,control,sbrt,mid,7B,7,17-7B,17,,,,,,,,,
523,5.49,Healthy,,,control,sbrt,mid,8A,8,17-8A,17,,,,,,,,,
542,5.49,Healthy,,,control,sbrt,mid,8A,8,17-8A,17,,,,,,,,,
524,1.91,Healthy,,,control,sbrt,mid,8B,8,17-8B,17,,,,,,,,,
543,1.91,Healthy,,,control,sbrt,mid,8B,8,17-8B,17,,,,,,,,,
525,4.48,Healthy,,,control,sbrt,mid,9A,9,17-9A,17,,,,,,,,,
544,4.48,Healthy,,,control,sbrt,mid,9A,9,17-9A,17,,,,,,,,,
526,3.07,Healthy,,,control,sbrt,mid,9B,9,17-9B,17,,,,,,,,,
545,3.07,Healthy,,,control,sbrt,mid,9B,9,17-9B,17,,,,,,,,,
298,17.31,Border,,,infarct,sbrt,base,10A,10,18-10A,18,,,,,,,,,
299,1.04,Healthy,,,infarct,sbrt,base,10B,10,18-10B,18,,,,,,,,,
300,27.16,Border,,,infarct,sbrt,base,10C,10,18-10C,18,,,,,,,,,
301,13.05,Border,,,infarct,sbrt,base,11A,11,18-11A,18,,,,,,,,,
302,1.04,Healthy,,,infarct,sbrt,base,11B,11,18-11B,18,,,,,,,,,
303,21.53,Border,,,infarct,sbrt,base,11C,11,18-11C,18,,,,,,,,,
304,27.81,Border,,,infarct,sbrt,base,12A,12,18-12A,18,,,,,,,,,
305,1.06,Healthy,,,infarct,sbrt,base,12B,12,18-12B,18,,,,,,,,,
306,7.38,Healthy,,,infarct,sbrt,base,13A,13,18-13A,18,,,,,,,,,
307,2.71,Healthy,,,infarct,sbrt,base,13B,13,18-13B,18,,,,,,,,,
266,58.2,Center,,,infarct,sbrt,apex,1A,1,18-1A,18,,,,,,,,,
267,45.64,Center,,,infarct,sbrt,apex,1B,1,18-1B,18,,,,,,,,,
63,4.46,Healthy,654414,FALSE,infarct,sbrt,apex,2A,2,18-2A,18,2547049.5,5.358712209,0.376815131,179104,3.89210729,14.2210643,475310,16.55788843,0.726313924
268,53.35,Center,,,infarct,sbrt,apex,2A,2,18-2A,18,,,,,,,,,
64,3.85,Healthy,744102,FALSE,infarct,sbrt,apex,2B,2,18-2B,18,4199713.5,9.523095081,0.687294644,303099,5.644002435,13.85591341,441003,13.02023983,0.592664715
269,19.68,Border,,,infarct,sbrt,apex,2B,2,18-2B,18,,,,,,,,,
270,35.88,Border,,,infarct,sbrt,apex,2C,2,18-2C,18,,,,,,,,,
271,52.27,Center,,,infarct,sbrt,apex,3A,3,18-3A,18,,,,,,,,,
272,26.37,Border,,,infarct,sbrt,apex,3B,3,18-3B,18,,,,,,,,,
273,11.03,Healthy,,,infarct,sbrt,apex,3C,3,18-3C,18,,,,,,,,,
274,14.26,Border,,,infarct,sbrt,apex,3D,3,18-3D,18,,,,,,,,,
275,36.04,Border,,,infarct,sbrt,apex,4A,4,18-4A,18,,,,,,,,,
276,3.22,Healthy,,,infarct,sbrt,apex,4B,4,18-4B,18,,,,,,,,,
277,7.15,Healthy,,,infarct,sbrt,apex,4C,4,18-4C,18,,,,,,,,,
278,16.38,Border,,,infarct,sbrt,apex,4D,4,18-4D,18,,,,,,,,,
279,43.87,Center,,,infarct,sbrt,apex,4E,4,18-4E,18,,,,,,,,,
65,2.7,Healthy,995663,FALSE,infarct,sbrt,mid,5A,5,18-5A,18,5906496.5,10.02989782,0.690748172,406774,5.932224558,14.5203393,588889,12.3052225,0.591454137
280,37.26,Border,,,infarct,sbrt,mid,5A,5,18-5A,18,,,,,,,,,
281,14.62,Border,,,infarct,sbrt,mid,5B,5,18-5B,18,,,,,,,,,
282,1.4,Healthy,,,infarct,sbrt,mid,5C,5,18-5C,18,,,,,,,,,
283,24.38,Border,,,infarct,sbrt,mid,5D,5,18-5D,18,,,,,,,,,
284,31.23,Border,,,infarct,sbrt,mid,6A,6,18-6A,18,,,,,,,,,
285,6.27,Border,,,infarct,sbrt,mid,6B,6,18-6B,18,,,,,,,,,
286,1.34,Healthy,,,infarct,sbrt,mid,6C,6,18-6C,18,,,,,,,,,
287,22.47,Border,,,infarct,sbrt,mid,6D,6,18-6D,18,,,,,,,,,
288,24.15,Border,,,infarct,sbrt,mid,7A,7,18-7A,18,,,,,,,,,
289,1.88,Healthy,,,infarct,sbrt,mid,7B,7,18-7B,18,,,,,,,,,
290,12.43,Border,,,infarct,sbrt,mid,7C,7,18-7C,18,,,,,,,,,
291,26.97,Border,,,infarct,sbrt,mid,7D,7,18-7D,18,,,,,,,,,
66,32.74,Border,1096388,FALSE,infarct,sbrt,mid,8A,8,18-8A,18,4222258.25,5.356102247,0.390811713,308080,3.851062078,13.70507092,788308,13.70036634,0.719004586
292,24.72,Border,,,infarct,sbrt,mid,8A,8,18-8A,18,,,,,,,,,
293,1.39,Healthy,,,infarct,sbrt,mid,8B,8,18-8B,18,,,,,,,,,
67,80.4,Center,950673,FALSE,infarct,sbrt,mid,8C,8,18-8C,18,5054852.75,8.364183951,0.573063399,346328,5.317130864,14.59556475,604345,11.69456375,0.635702287
294,16.22,Border,,,infarct,sbrt,mid,8C,8,18-8C,18,,,,,,,,,
295,21.55,Border,,,infarct,sbrt,mid,9A,9,18-9A,18,,,,,,,,,
296,1.35,Healthy,,,infarct,sbrt,mid,9B,9,18-9B,18,,,,,,,,,
297,10.58,Border,,,infarct,sbrt,mid,9C,9,18-9C,18,,,,,,,,,
496,29.64,Border,,,infarct,sbrt,base,10A,10,19-10A,19,,,,,,,,,
497,1.79,Healthy,,,infarct,sbrt,base,10B,10,19-10B,19,,,,,,,,,
498,26.93,Border,,,infarct,sbrt,base,10C,10,19-10C,19,,,,,,,,,
499,31.01,Border,,,infarct,sbrt,base,11A,11,19-11A,19,,,,,,,,,
500,2.86,Healthy,,,infarct,sbrt,base,11B,11,19-11B,19,,,,,,,,,
501,23.14,Border,,,infarct,sbrt,base,11C,11,19-11C,19,,,,,,,,,
502,28.81,Border,,,infarct,sbrt,base,12A,12,19-12A,19,,,,,,,,,
503,3.38,Healthy,,,infarct,sbrt,base,12B,12,19-12B,19,,,,,,,,,
504,27.56,border,,,infarct,sbrt,base,13A,13,19-13A,19,,,,,,,,,
505,23.04,Border,,,infarct,sbrt,base,14A,14,19-14A,19,,,,,,,,,
506,1.39,Healthy,,,infarct,sbrt,base,14B,14,19-14B,19,,,,,,,,,
507,16.79,Healthy,,,infarct,sbrt,base,15A,15,19-15A,19,,,,,,,,,
508,1.32,Healthy,,,infarct,sbrt,base,15B,15,19-15B,19,,,,,,,,,
509,7.34,Healthy,,,infarct,sbrt,base,16A,16,19-16A,19,,,,,,,,,
510,0.36,Healthy,,,infarct,sbrt,base,16B,16,19-16B,19,,,,,,,,,
511,1.28,Healthy,,,infarct,sbrt,base,17A,17,19-17A,19,,,,,,,,,
512,0.76,Healthy,,,infarct,sbrt,base,17B,17,19-17B,19,,,,,,,,,
68,37.94,Border,855083,FALSE,infarct,sbrt,base,19A,19,19-19A,19,7226397.5,20.9956172,1.484363106,510897,8.451106501,14.14452913,344186,8.965981957,0.40251765
513,1.22,Healthy,,,infarct,sbrt,base,19A,19,19-19A,19,,,,,,,,,
514,1.22,Healthy,,,infarct,sbrt,base,19B,19,19-19B,19,,,,,,,,,
471,1.84,Healthy,,,infarct,sbrt,apex,2B,2,19-2B,19,,,,,,,,,
69,45.92,Border,1132525,FALSE,infarct,sbrt,apex,3A,3,19-3A,19,2394525.25,2.531443431,0.197282414,186612,2.114324408,12.83157166,945913,19.47582084,0.835224829
472,66.64,Center,,,infarct,sbrt,apex,3A,3,19-3A,19,,,,,,,,,
473,9.33,Border,,,infarct,sbrt,apex,3B,3,19-3B,19,,,,,,,,,
474,43.22,Border,,,infarct,sbrt,apex,3C,3,19-3C,19,,,,,,,,,
475,70.06,Center,,,infarct,sbrt,apex,4A,4,19-4A,19,,,,,,,,,
476,37.17,Border,,,infarct,sbrt,apex,4B,4,19-4B,19,,,,,,,,,
477,4.3,Healthy,,,infarct,sbrt,apex,4C,4,19-4C,19,,,,,,,,,
478,16.6,Border,,,infarct,sbrt,apex,4D,4,19-4D,19,,,,,,,,,
70,80.46,Center,171702,FALSE,infarct,sbrt,mid,5A,5,19-5A,19,60005.5,0.368156747,0.053457595,8713,0.349474671,6.886893148,162989,18.49636434,0.949255105
479,77.01,Center,,,infarct,sbrt,mid,5A,5,19-5A,19,,,,,,,,,
480,41.02,Border,,,infarct,sbrt,mid,5B,5,19-5B,19,,,,,,,,,
481,36.25,Border,,,infarct,sbrt,mid,5C,5,19-5C,19,,,,,,,,,
482,4.51,Healthy,,,infarct,sbrt,mid,5D,5,19-5D,19,,,,,,,,,
483,44.94,Border,,,infarct,sbrt,mid,6A,6,19-6A,19,,,,,,,,,
484,0.99,Healthy,,,infarct,sbrt,mid,6B,6,19-6B,19,,,,,,,,,
485,39.52,Border,,,infarct,sbrt,mid,6C,6,19-6C,19,,,,,,,,,
486,32.06,,,,infarct,sbrt,mid,7A,7,19-7A,19,,,,,,,,,
487,67.07,,,,infarct,sbrt,mid,7B,7,19-7B,19,,,,,,,,,
488,19.43,,,,infarct,sbrt,mid,7C,7,19-7C,19,,,,,,,,,
489,2.52,Healthy,,,infarct,sbrt,mid,7D,7,19-7D,19,,,,,,,,,
71,34.06,Border,866160,FALSE,infarct,sbrt,mid,8A,8,19-8A,19,4519463.75,8.383536176,0.606713561,327072,5.217816281,13.81794758,539088,13.69719365,0.622388473
490,35.21,Border,,,infarct,sbrt,mid,8A,8,19-8A,19,,,,,,,,,
491,2.26,Healthy,,,infarct,sbrt,mid,8B,8,19-8B,19,,,,,,,,,
492,34.84,Border,,,infarct,sbrt,mid,8C,8,19-8C,19,,,,,,,,,
493,30.9,Border,,,infarct,sbrt,mid,9A,9,19-9A,19,,,,,,,,,
494,0.63,Healthy,,,infarct,sbrt,mid,9B,9,19-9B,19,,,,,,,,,
495,26.44,Border,,,infarct,sbrt,mid,9C,9,19-9C,19,,,,,,,,,
318,3.25,Healthy,,,control,sbrt,base,10A,10,20-10A,20,,,,,,,,,
319,1.36,Healthy,,,control,sbrt,base,10B,10,20-10B,20,,,,,,,,,
320,5.2,Healthy,,,control,sbrt,base,11A,11,20-11A,20,,,,,,,,,
321,2.63,Healthy,,,control,sbrt,base,11B,11,20-11B,20,,,,,,,,,
322,2.93,Healthy,,,control,sbrt,base,12A,12,20-12A,20,,,,,,,,,
323,1.62,Healthy,,,control,sbrt,base,12B,12,20-12B,20,,,,,,,,,
324,1.99,Healthy,,,control,sbrt,base,13A,13,20-13A,20,,,,,,,,,
325,1.81,Healthy,,,control,sbrt,base,13B,13,20-13B,20,,,,,,,,,
326,2.08,Healthy,,,control,sbrt,base,14A,14,20-14A,20,,,,,,,,,
327,2.19,Healthy,,,control,sbrt,base,14B,14,20-14B,20,,,,,,,,,
328,1.88,Healthy,,,control,sbrt,base,15A,15,20-15A,20,,,,,,,,,
329,3.24,Healthy,,,control,sbrt,base,15B,15,20-15B,20,,,,,,,,,
72,35.17,Border,1011227,FALSE,control,sbrt,base,16A,16,20-16A,20,12197512.5,84.85344144,6.034720483,867479,12.0620914,14.06087352,143748,2.742931854,0.142152059
330,3.2,Healthy,,,control,sbrt,base,16A,16,20-16A,20,,,,,,,,,
331,5.25,Healthy,,,control,sbrt,base,16B,16,20-16B,20,,,,,,,,,
308,3.66,Healthy,,,control,sbrt,mid,5A,5,20-5A,20,,,,,,,,,
309,1.59,Healthy,,,control,sbrt,mid,5B,5,20-5B,20,,,,,,,,,
310,4.54,Healthy,,,control,sbrt,mid,6A,6,20-6A,20,,,,,,,,,
311,1.68,Healthy,,,control,sbrt,mid,6B,6,20-6B,20,,,,,,,,,
312,4,Healthy,,,control,sbrt,mid,7A,7,20-7A,20,,,,,,,,,
313,1.21,Healthy,,,control,sbrt,mid,7B,7,20-7B,20,,,,,,,,,
314,4.69,Healthy,,,control,sbrt,mid,8A,8,20-8A,20,,,,,,,,,
73,52.39,Border,932044,FALSE,control,sbrt,mid,8B,8,20-8B,20,6832770,17.63850812,1.406032351,544666,7.330952187,12.54488072,387378,7.944475797,0.415622009
315,1.59,Healthy,,,control,sbrt,mid,8B,8,20-8B,20,,,,,,,,,
316,3.51,Healthy,,,control,sbrt,mid,9A,9,20-9A,20,,,,,,,,,
317,2.38,Healthy,,,control,sbrt,mid,9B,9,20-9B,20,,,,,,,,,
340,1.84,Healthy,,,control,sbrt,base,10A,10,21-10A,21,,,,,,,,,
74,33.12,Border,1057837,FALSE,control,sbrt,base,10B,10,21-10B,21,6882119.75,14.21250181,1.184575512,573607,6.505841401,11.9979703,484230,7.811649857,0.457754834
341,2.17,Healthy,,,control,sbrt,base,10B,10,21-10B,21,,,,,,,,,
75,41.64,Border,1619370,FALSE,control,sbrt,base,11A,11,21-11A,21,11730427.75,15.72835553,1.17127863,873556,7.243821826,13.42836378,745814,9.531478137,0.460558118
342,1.78,Healthy,,,control,sbrt,base,11A,11,21-11A,21,,,,,,,,,
343,2.55,Healthy,,,control,sbrt,base,11B,11,21-11B,21,,,,,,,,,
344,2.87,Healthy,,,control,sbrt,base,12A,12,21-12A,21,,,,,,,,,
76,71.01,Center,1820723,FALSE,control,sbrt,base,12B,12,21-12B,21,15144531.75,22.31511441,1.682792887,1142056,8.317866996,13.26076107,678667,7.097609988,0.372745882
345,2.34,Healthy,,,control,sbrt,base,12B,12,21-12B,21,,,,,,,,,
346,1.53,Healthy,,,control,sbrt,base,13A,13,21-13A,21,,,,,,,,,
347,1.84,Healthy,,,control,sbrt,base,13B,13,21-13B,21,,,,,,,,,
348,3.58,Healthy,,,control,sbrt,base,14A,14,21-14A,21,,,,,,,,,
349,6.57,Healthy,,,control,sbrt,base,14B,14,21-14B,21,,,,,,,,,
350,1.83,Healthy,,,control,sbrt,base,15A,15,21-15A,21,,,,,,,,,
351,3.62,Healthy,,,control,sbrt,base,15B,15,21-15B,21,,,,,,,,,
352,3.97,Healthy,,,control,sbrt,base,16A,16,21-16A,21,,,,,,,,,
353,2.98,Healthy,,,control,sbrt,base,16B,16,21-16B,21,,,,,,,,,
354,1.45,Healthy,,,control,sbrt,base,17A,17,21-17A,21,,,,,,,,,
77,63.94,Center,1262229,FALSE,control,sbrt,base,17B,17,21-17B,21,8599806.25,13.84415039,1.031963,641042,6.813190198,13.41535539,621187,10.57428961,0.492134945
355,3.06,Healthy,,,control,sbrt,base,17B,17,21-17B,21,,,,,,,,,
332,4.77,Healthy,,,control,sbrt,mid,6A,6,21-6A,21,,,,,,,,,
333,2.58,Healthy,,,control,sbrt,mid,6B,6,21-6B,21,,,,,,,,,
334,2.86,Healthy,,,control,sbrt,mid,7A,7,21-7A,21,,,,,,,,,
335,1.8,Healthy,,,control,sbrt,mid,7B,7,21-7B,21,,,,,,,,,
78,59.48,Border,1591721,FALSE,control,sbrt,mid,8A,8,21-8A,21,13462937.25,23.99489774,1.836913069,1030646,8.458101168,13.06262019,561075,6.627085714,0.352495821
336,4.5,Healthy,,,control,sbrt,mid,8A,8,21-8A,21,,,,,,,,,
337,3.7,Healthy,,,control,sbrt,mid,8B,8,21-8B,21,,,,,,,,,
338,2.93,Healthy,,,control,sbrt,mid,9A,9,21-9A,21,,,,,,,,,
339,2.7,Healthy,,,control,sbrt,mid,9B,9,21-9B,21,,,,,,,,,